ID,Name,Year,Duration,Directors,Actors,Genres,Rating
1,Joker,2019,122,Todd Phillips,"Joaquin Phoenix, Robert De Niro, Zazie Beetz","Crime, Drama, Thriller",8.3
2,Avengers: Endgame,2019,181,"Anthony Russo, Joe Russo","Robert Downey Jr., Chris Evans, Mark Ruffalo","Action, Adventure, Sci-Fi",8.4
3,Parasite,2019,132,Bong Joon Ho,"Song Kang-ho, Lee Sun-kyun, Cho Yeo-jeong","Drama, Thriller",8.5
4,Once Upon a Time... in Hollywood,2019,161,Quentin Tarantino,"Leonardo DiCaprio, Brad Pitt, Margot Robbie","Comedy, Drama",7.6
5,Knives Out,2019,130,Rian Johnson,"Daniel Craig, Chris Evans, Ana de Armas","Comedy, Crime, Drama",7.9
6,1917,2019,119,Sam Mendes,"Dean-Charles Chapman, George MacKay, Daniel Mays","Action, Drama, War",8.2
7,Captain Marvel,2019,123,"Anna Boden, Ryan Fleck","Brie Larson, Samuel L. Jackson, Ben Mendelsohn","Action, Adventure, Sci-Fi",6.8
8,Spider-Man: Far from Home,2019,129,Jon Watts,"Tom Holland, Samuel L. Jackson, Jake Gyllenhaal","Action, Adventure, Comedy",7.4
9,Ford v Ferrari,2019,152,James Mangold,"Matt Damon, Christian Bale, Jon Bernthal","Action, Biography, Drama",8.1
10,Star Wars: Episode IX - The Rise of Skywalker,2019,141,J.J. Abrams,"Daisy Ridley, John Boyega, Oscar Isaac","Action, Adventure, Fantasy",6.4
11,Jojo Rabbit,2019,108,Taika Waititi,"Roman Griffin Davis, Thomasin McKenzie, Scarlett Johansson","Comedy, Drama, War",7.9
12,John Wick: Chapter 3 - Parabellum,2019,130,Chad Stahelski,"Keanu Reeves, Halle Berry, Ian McShane","Action, Crime, Drama",7.4
13,The Irishman,2019,209,Martin Scorsese,"Robert De Niro, Al Pacino, Joe Pesci","Biography, Crime, Drama",7.8
14,Midsommar,2019,148,Ari Aster,"Florence Pugh, Jack Reynor, Vilhelm Blomgren","Drama, Horror, Mystery",7.1
15,The Gentlemen,2019,113,Guy Ritchie,"Matthew McConaughey, Charlie Hunnam, Michelle Dockery","Action, Crime",7.8
16,Shazam!,2019,132,David F. Sandberg,"Zachary Levi, Mark Strong, Asher Angel","Action, Adventure, Comedy",7.0
17,Us,2019,116,Jordan Peele,"Lupita Nyong'o, Winston Duke, Elisabeth Moss","Horror, Mystery, Thriller",6.8
18,Marriage Story,2019,137,Noah Baumbach,"Adam Driver, Scarlett Johansson, Julia Greer","Drama, Romance",7.9
19,Uncut Gems,2019,135,"Benny Safdie, Josh Safdie","Adam Sandler, Julia Fox, Idina Menzel","Crime, Drama, Thriller",7.4
20,It: Chapter Two,2019,169,Andy Muschietti,"Jessica Chastain, James McAvoy, Bill Hader","Drama, Fantasy, Horror",6.5
21,El Camino,2019,122,Vince Gilligan,"Aaron Paul, Jonathan Banks, Matt Jones","Crime, Drama, Thriller",7.3
22,Alita: Battle Angel,2019,122,Robert Rodriguez,"Rosa Salazar, Christoph Waltz, Jennifer Connelly","Action, Adventure, Sci-Fi",7.3
23,The Platform,2019,94,Galder Gaztelu-Urrutia,"Ivan Massagué, Zorion Eguileor, Antonia San Juan","Horror, Mystery, Sci-Fi",7.0
24,Jumanji: The Next Level,2019,123,Jake Kasdan,"Dwayne Johnson, Jack Black, Kevin Hart","Action, Adventure, Comedy",6.6
25,Aladdin,2019,128,Guy Ritchie,"Will Smith, Mena Massoud, Naomi Scott","Adventure, Comedy, Family",6.9
26,Toy Story 4,2019,100,Josh Cooley,"Tom Hanks, Tim Allen, Annie Potts","Animation, Adventure, Comedy",7.6
27,Glass,2019,129,M. Night Shyamalan,"James McAvoy, Bruce Willis, Samuel L. Jackson","Drama, Horror, Sci-Fi",6.6
28,The Lighthouse,2019,109,Robert Eggers,"Robert Pattinson, Willem Dafoe, Valeriia Karaman","Drama, Fantasy, Horror",7.4
29,The Lion King,2019,118,Jon Favreau,"Donald Glover, Beyoncé, Seth Rogen","Animation, Adventure, Drama",6.8
30,Ad Astra,2019,123,James Gray,"Brad Pitt, Tommy Lee Jones, Ruth Negga","Adventure, Drama, Mystery",6.5
31,Little Women,2019,135,Greta Gerwig,"Saoirse Ronan, Emma Watson, Florence Pugh","Drama, Romance",7.8
32,Fast & Furious Presents: Hobbs & Shaw,2019,137,David Leitch,"Dwayne Johnson, Jason Statham, Idris Elba","Action, Adventure, Thriller",6.5
33,Doctor Sleep,2019,152,Mike Flanagan,"Ewan McGregor, Rebecca Ferguson, Kyliegh Curran","Drama, Fantasy, Horror",7.3
34,Godzilla: King of the Monsters,2019,132,Michael Dougherty,"Kyle Chandler, Vera Farmiga, Millie Bobby Brown","Action, Adventure, Fantasy",6.0
35,X-Men: Dark Phoenix,2019,113,Simon Kinberg,"James McAvoy, Michael Fassbender, Jennifer Lawrence","Action, Adventure, Sci-Fi",5.7
36,Ready or Not,2019,95,"Matt Bettinelli-Olpin, Tyler Gillett","Samara Weaving, Adam Brody, Mark O'Brien","Action, Comedy, Horror",6.8
37,Zombieland: Double Tap,2019,99,Ruben Fleischer,"Woody Harrelson, Jesse Eisenberg, Emma Stone","Action, Comedy, Horror",6.7
38,Klaus,2019,96,"Sergio Pablos, Carlos Martínez López","Jason Schwartzman, J.K. Simmons, Rashida Jones","Animation, Adventure, Comedy",8.2
39,Frozen II,2019,103,"Chris Buck, Jennifer Lee","Kristen Bell, Idina Menzel, Josh Gad","Animation, Adventure, Comedy",6.8
40,6 Underground,2019,128,Michael Bay,"Ryan Reynolds, Mélanie Laurent, Manuel Garcia-Rulfo","Action, Thriller",6.1
41,Terminator: Dark Fate,2019,128,Tim Miller,"Linda Hamilton, Arnold Schwarzenegger, Mackenzie Davis","Action, Adventure, Sci-Fi",6.2
42,Rocketman,2019,121,Dexter Fletcher,"Taron Egerton, Jamie Bell, Richard Madden","Biography, Drama, Music",7.3
43,Pokémon: Detective Pikachu,2019,104,Rob Letterman,"Ryan Reynolds, Justice Smith, Kathryn Newton","Adventure, Comedy, Family",6.5
44,Murder Mystery,2019,97,Kyle Newacheck,"Adam Sandler, Jennifer Aniston, Luke Evans","Crime, Mystery, Romance",6.1
45,Yesterday,2019,116,Danny Boyle,"Himesh Patel, Lily James, Sophia Di Martino","Comedy, Fantasy, Music",6.8
46,The King,2019,140,David Michôd,"Tom Glynn-Carney, Gábor Czap, Tom Fisher","Biography, Drama, History",7.3
47,How to Train Your Dragon: The Hidden World,2019,104,Dean DeBlois,"Jay Baruchel, America Ferrera, F. Murray Abraham","Animation, Action, Adventure",7.4
48,Sound of Metal,2019,120,Darius Marder,"Riz Ahmed, Olivia Cooke, Paul Raci","Drama, Music",7.7
49,Men in Black: International,2019,114,F. Gary Gray,"Chris Hemsworth, Tessa Thompson, Kumail Nanjiani","Action, Adventure, Comedy",5.6
50,Triple Frontier,2019,125,J.C. Chandor,"Ben Affleck, Oscar Isaac, Charlie Hunnam","Action, Adventure, Thriller",6.5
51,Escape Room,2019,99,Adam Robitel,"Taylor Russell, Logan Miller, Jay Ellis","Action, Adventure, Horror",6.4
52,The Two Popes,2019,125,Fernando Meirelles,"Jonathan Pryce, Anthony Hopkins, Juan Minujín","Biography, Comedy, Drama",7.6
53,Booksmart,2019,102,Olivia Wilde,"Kaitlyn Dever, Beanie Feldstein, Jessica Williams",Comedy,7.1
54,Bombshell,2019,109,Jay Roach,"Charlize Theron, Nicole Kidman, Margot Robbie","Biography, Drama",6.8
55,Gemini Man,2019,117,Ang Lee,"Will Smith, Mary Elizabeth Winstead, Clive Owen","Action, Sci-Fi, Thriller",5.7
56,Maleficent: Mistress of Evil,2019,119,Joachim Rønning,"Angelina Jolie, Elle Fanning, Harris Dickinson","Adventure, Drama, Family",6.6
57,Long Shot,2019,125,Jonathan Levine,"Charlize Theron, Seth Rogen, June Diane Raphael","Comedy, Romance",6.8
58,Portrait of a Lady on Fire,2019,122,Céline Sciamma,"Noémie Merlant, Adèle Haenel, Luàna Bajrami","Drama, Romance",8.0
59,Angel Has Fallen,2019,121,Ric Roman Waugh,"Gerard Butler, Frederick Schmidt, Danny Huston","Action, Thriller",6.4
60,Dark Waters,2019,126,Todd Haynes,"Mark Ruffalo, Anne Hathaway, Tim Robbins","Biography, Drama, History",7.6
61,Rambo: Last Blood,2019,89,Adrian Grunberg,"Sylvester Stallone, Paz Vega, Sergio Peris-Mencheta","Action, Crime, Thriller",6.1
62,The Peanut Butter Falcon,2019,97,"Tyler Nilson, Michael Schwartz","Zack Gottsagen, Ann Pierce, Dakota Johnson","Adventure, Comedy, Drama",7.6
63,Brightburn,2019,90,David Yarovesky,"Elizabeth Banks, David Denman, Jackson A. Dunn","Drama, Horror, Mystery",6.1
64,Hustlers,2019,110,Lorene Scafaria,"Constance Wu, Jennifer Lopez, Julia Stiles","Comedy, Crime, Drama",6.3
65,The Highwaymen,2019,132,John Lee Hancock,"Kevin Costner, Woody Harrelson, Kathy Bates","Biography, Crime, Drama",6.9
66,"Extremely Wicked, Shockingly Evil and Vile",2019,110,Joe Berlinger,"Lily Collins, Zac Efron, Angela Sarafyan","Biography, Crime, Drama",6.7
67,Hellboy,2019,120,Neil Marshall,"David Harbour, Milla Jovovich, Ian McShane","Action, Adventure, Fantasy",5.3
68,Fractured,2019,99,Brad Anderson,"Sam Worthington, Lily Rabe, Lucy Capri","Drama, Mystery, Thriller",6.5
69,Polar,2019,118,Jonas Åkerlund,"Mads Mikkelsen, Vanessa Hudgens, Katheryn Winnick","Action, Crime, Thriller",6.3
70,I Am Mother,2019,113,Grant Sputore,"Luke Hawker, Rose Byrne, Maddie Lenton","Drama, Mystery, Sci-Fi",6.7
71,Richard Jewell,2019,131,Clint Eastwood,"Paul Walter Hauser, Sam Rockwell, Brandon Stanley","Biography, Crime, Drama",7.5
72,Anna,2019,118,Luc Besson,"Sasha Luss, Helen Mirren, Luke Evans","Action, Thriller",6.7
73,Pet Sematary,2019,100,"Kevin Kölsch, Dennis Widmyer","Jason Clarke, Amy Seimetz, John Lithgow","Horror, Mystery, Thriller",5.7
74,Midway,2019,138,Roland Emmerich,"Ed Skrein, Patrick Wilson, Woody Harrelson","Action, Drama, History",6.7
75,Crawl,2019,87,Alexandre Aja,"Kaya Scodelario, Barry Pepper, Morfydd Clark","Action, Horror, Thriller",6.1
76,Last Christmas,2019,103,Paul Feig,"Madison Ingoldsby, Emma Thompson, Boris Isakovic","Comedy, Drama, Fantasy",6.5
77,The Dead Don't Die,2019,104,Jim Jarmusch,"Bill Murray, Adam Driver, Tilda Swinton","Comedy, Fantasy, Horror",5.4
78,Annabelle Comes Home,2019,106,Gary Dauberman,"Vera Farmiga, Patrick Wilson, Mckenna Grace","Horror, Mystery, Thriller",5.9
79,A Beautiful Day in the Neighborhood,2019,109,Marielle Heller,"Matthew Rhys, Tom Hanks, Chris Cooper","Biography, Drama, Family",7.2
80,Happy Death Day 2U,2019,100,Christopher Landon,"Jessica Rothe, Israel Broussard, Phi Vu","Comedy, Horror, Mystery",6.2
81,Five Feet Apart,2019,116,Justin Baldoni,"Haley Lu Richardson, Cole Sprouse, Moises Arias","Drama, Romance",7.2
82,Fighting with My Family,2019,108,Stephen Merchant,"Dwayne Johnson, Lena Headey, Vince Vaughn","Biography, Comedy, Drama",7.0
83,Scary Stories to Tell in the Dark,2019,108,André Øvredal,"Zoe Colletti, Michael Garza, Gabriel Rush","Adventure, Horror, Mystery",6.2
84,Dumbo,2019,112,Tim Burton,"Colin Farrell, Michael Keaton, Danny DeVito","Adventure, Family, Fantasy",6.2
85,Good Boys,2019,90,Gene Stupnitsky,"Jacob Tremblay, Keith L. Williams, Brady Noon","Adventure, Comedy",6.7
86,Vivarium,2019,97,Lorcan Finnegan,"Imogen Poots, Danielle Ryan, Molly McCann","Horror, Mystery, Sci-Fi",5.9
87,Charlie's Angels,2019,118,Elizabeth Banks,"Kristen Stewart, Naomi Scott, Ella Balinska","Action, Adventure, Comedy",5.0
88,Cold Pursuit,2019,119,Hans Petter Moland,"Liam Neeson, Laura Dern, Micheál Neeson","Action, Comedy, Crime",6.2
89,The Lego Movie 2: The Second Part,2019,107,Mike Mitchell,"Chris Pratt, Elizabeth Banks, Will Arnett","Animation, Adventure, Comedy",6.5
90,Just Mercy,2019,137,Destin Daniel Cretton,"Michael B. Jordan, Jamie Foxx, Brie Larson","Biography, Crime, Drama",7.6
91,21 Bridges,2019,99,Brian Kirk,"Chadwick Boseman, Sienna Miller, J.K. Simmons","Action, Adventure, Crime",6.6
92,Uri: The Surgical Strike,2019,138,Aditya Dhar,"Vicky Kaushal, Paresh Rawal, Mohit Raina","Action, Drama, History",8.2
93,Isn't It Romantic,2019,89,Todd Strauss-Schulson,"Rebel Wilson, Liam Hemsworth, Adam Devine","Comedy, Fantasy, Musical",5.9
94,The Secret Life of Pets 2,2019,86,"Chris Renaud, Jonathan del Val","Patton Oswalt, Kevin Hart, Harrison Ford","Animation, Adventure, Comedy",6.4
95,Guns Akimbo,2019,98,Jason Howden,"Daniel Radcliffe, Samara Weaving, Ned Dennehy","Action, Comedy, Crime",6.3
96,The Farewell,2019,100,Lulu Wang,"Shuzhen Zhao, Awkwafina, X Mayo","Comedy, Drama",7.5
97,After,2019,105,Jenny Gage,"Josephine Langford, Hero Fiennes Tiffin, Khadijha Red Thunder","Drama, Romance",5.3
98,I See You,2019,98,Adam Randall,"Helen Hunt, Jon Tenney, Owen Teague","Horror, Mystery, Thriller",6.8
99,In the Tall Grass,2019,101,Vincenzo Natali,"Laysla De Oliveira, Avery Whitted, Patrick Wilson","Horror, Mystery, Sci-Fi",5.5
100,The Hustle,2019,93,Chris Addison,"Anne Hathaway, Rebel Wilson, Alex Sharp","Comedy, Crime",5.5
101,Chhichhore,2019,143,Nitesh Tiwari,"Sushant Singh Rajput, Shraddha Kapoor, Varun Sharma","Comedy, Drama, Romance",8.3
102,Velvet Buzzsaw,2019,113,Dan Gilroy,"Jake Gyllenhaal, Rene Russo, Zawe Ashton","Horror, Mystery, Thriller",5.7
103,Ma,2019,99,Tate Taylor,"Octavia Spencer, Diana Silvers, Juliette Lewis","Horror, Mystery, Thriller",5.6
104,Downton Abbey,2019,122,Michael Engler,"Stephen Campbell Moore, Michael Fox, Lesley Nicol","Drama, Romance",7.4
105,Dolemite Is My Name,2019,118,Craig Brewer,"Eddie Murphy, Keegan-Michael Key, Mike Epps","Biography, Comedy, Drama",7.2
106,Pain and Glory,2019,113,Pedro Almodóvar,"Antonio Banderas, Asier Etxeandia, Leonardo Sbaraglia",Drama,7.5
107,Always Be My Maybe,2019,101,Nahnatchka Khan,"Ali Wong, Randall Park, James Saito","Comedy, Romance",6.7
108,Motherless Brooklyn,2019,144,Edward Norton,"Edward Norton, Gugu Mbatha-Raw, Alec Baldwin","Crime, Drama, Mystery",6.8
109,In the Shadow of the Moon,2019,115,Jim Mickle,"Boyd Holbrook, Cleopatra Coleman, Bokeem Woodbine","Action, Crime, Mystery",6.2
110,Weathering with You,2019,112,Makoto Shinkai,"Kotaro Daigo, Nana Mori, Tsubasa Honda","Animation, Drama, Fantasy",7.5
111,Color Out of Space,2019,111,Richard Stanley,"Nicolas Cage, Joely Richardson, Madeleine Arthur","Horror, Mystery, Sci-Fi",6.1
112,The Lodge,2019,108,"Severin Fiala, Veronika Franz","Riley Keough, Jaeden Martell, Lia McHugh","Drama, Horror, Mystery",6.0
113,The Curse of La Llorona,2019,93,Michael Chaves,"Linda Cardellini, Raymond Cruz, Patricia Velasquez","Horror, Mystery, Thriller",5.3
114,Shaft,2019,111,Tim Story,"Samuel L. Jackson, Jessie T. Usher, Richard Roundtree","Action, Comedy, Crime",6.4
115,Spies in Disguise,2019,102,"Nick Bruno, Troy Quane","Rachel Brosnahan, Jarrett Bruno, Claire Crosby","Animation, Action, Adventure",6.8
116,Captive State,2019,109,Rupert Wyatt,"John Goodman, Ashton Sanders, Jonathan Majors","Action, Horror, Sci-Fi",6.0
117,Miracle in Cell No. 7,2019,132,Mehmet Ada Öztekin,"Aras Bulut Iynemli, Nisa Sofiya Aksongur, Deniz Baysal",Drama,8.2
118,Togo,2019,113,Ericson Core,"Willem Dafoe, Julianne Nicholson, Christopher Heyerdahl","Adventure, Biography, Drama",7.9
119,Child's Play,2019,90,Lars Klevberg,"Tim Matheson, Ben Daon, Zahra Anderson","Drama, Horror, Sci-Fi",5.7
120,The Dirt,2019,107,Jeff Tremaine,"Douglas Booth, Iwan Rheon, Colson Baker","Biography, Comedy, Drama",7.0
121,Official Secrets,2019,112,Gavin Hood,"Keira Knightley, Matt Smith, Matthew Goode","Biography, Crime, Drama",7.3
122,Cats,2019,110,Tom Hooper,"James Corden, Judi Dench, Jason Derulo","Comedy, Drama, Family",2.8
123,Judy,2019,118,Rupert Goold,"Renée Zellweger, Jessie Buckley, Finn Wittrock","Biography, Drama, Music",6.8
124,Marighella,2019,155,Wagner Moura,"Seu Jorge, Bruno Gagliasso, Luiz Carlos Vasconcelos","Action, Drama, History",7.1
125,The Laundromat,2019,96,Steven Soderbergh,"Gary Oldman, Antonio Banderas, AJ Meijer","Comedy, Crime, Drama",6.3
126,Code 8,2019,98,Jeff Chan,"Kari Matchett, Robbie Amell, Penny Eizenga","Action, Crime, Drama",6.1
127,A Rainy Day in New York,2019,92,Woody Allen,"Timothée Chalamet, Elle Fanning, Liev Schreiber","Comedy, Romance",6.4
128,The Report,2019,119,Scott Z. Burns,"Adam Driver, Annette Bening, Jon Hamm","Biography, Crime, Drama",7.2
129,The Silence,2019,90,John R. Leonetti,"Stanley Tucci, Kiernan Shipka, Miranda Otto","Drama, Horror, Sci-Fi",5.4
130,Fyre,2019,97,Chris Smith,"Billy McFarland, Jason Bell, Gabrielle Bluestone","Documentary, Crime, Music",7.2
131,Stuber,2019,93,Michael Dowse,"Dave Bautista, Kumail Nanjiani, Mira Sorvino","Action, Comedy, Crime",6.2
132,The Professor and the Madman,2019,124,Farhad Safinia,"Mel Gibson, Sean Penn, Eddie Marsan","Biography, Drama, History",7.2
133,Saint Maud,2019,84,Rose Glass,"Morfydd Clark, Caoilfhionn Dunne, Jennifer Ehle","Drama, Horror, Mystery",6.7
134,The Good Liar,2019,109,Bill Condon,"Helen Mirren, Ian McKellen, Russell Tovey","Crime, Drama, Mystery",6.7
135,Countdown,2019,90,Justin Dec,"Elizabeth Lail, Jordan Calloway, Talitha Eliana Bateman","Horror, Thriller",5.4
136,Tolkien,2019,112,Dome Karukoski,"Nicholas Hoult, Lily Collins, Colm Meaney","Biography, Drama, Romance",6.8
137,The Boy Who Harnessed the Wind,2019,113,Chiwetel Ejiofor,"Chiwetel Ejiofor, Maxwell Simba, Felix Lemburo","Biography, Drama, History",7.6
138,The Vast of Night,2019,91,Andrew Patterson,"Sierra McCormick, Jake Horowitz, Gail Cronauer","Drama, Mystery, Sci-Fi",6.7
139,Serenity,2019,106,Steven Knight,"Matthew McConaughey, Anne Hathaway, Diane Lane","Drama, Mystery, Thriller",5.4
140,The Addams Family,2019,86,"Greg Tiernan, Conrad Vernon","Oscar Isaac, Charlize Theron, Chloë Grace Moretz","Animation, Comedy, Family",5.8
141,Kaithi,2019,145,Lokesh Kanagaraj,"Karthi, Narain, Arjun Das","Action, Crime, Thriller",8.4
142,The Outpost,2019,123,Rod Lurie,"Scott Eastwood, Caleb Landry Jones, Orlando Bloom","Action, Drama, History",6.8
143,Gully Boy,2019,154,Zoya Akhtar,"Ranveer Singh, Alia Bhatt, Siddhant Chaturvedi","Drama, Music, Romance",7.9
144,Abominable,2019,97,"Jill Culton, Todd Wilderman","Chloe Bennet, Albert Tsai, Tenzing Norgay Trainor","Animation, Adventure, Comedy",7.0
145,Bad Education,2019,108,Cory Finley,"Hugh Jackman, Ray Romano, Welker White","Biography, Comedy, Crime",7.1
146,The Perfect Date,2019,89,Chris Nelson,"Noah Centineo, Laura Marano, Odiseas Georgiadis","Comedy, Romance",5.8
147,The Informer,2019,113,Andrea Di Stefano,"Joel Kinnaman, Rosamund Pike, Common","Action, Crime, Drama",6.6
148,Synchronic,2019,102,"Justin Benson, Aaron Moorhead","Anthony Mackie, Jamie Dornan, Katie Aselton","Drama, Horror, Mystery",6.2
149,The Legend of Tomiris,2019,156,Akan Satayev,"Ghassan Massoud, Eduardo Minett, Almira Tursyn","Action, Drama, Fantasy",6.3
150,Kabir Singh,2019,173,Sandeep Reddy Vanga,"Shahid Kapoor, Kiara Advani, Nikita Dutta","Drama, Romance",7.0
151,Eli,2019,98,Ciarán Foy,"Charlie Shotwell, Kelly Reilly, Max Martini","Drama, Horror, Mystery",5.8
152,Haunt,2019,92,"Scott Beck, Bryan Woods","Katie Stevens, Will Brittain, Lauryn Alisa McClain","Horror, Thriller",6.3
153,Late Night,2019,102,Nisha Ganatra,"Emma Thompson, Mindy Kaling, John Lithgow","Comedy, Drama",6.5
154,The Art of Self-Defense,2019,104,Riley Stearns,"Jesse Eisenberg, Alessandro Nivola, Imogen Poots","Comedy, Crime, Drama",6.6
155,The Art of Racing in the Rain,2019,109,Simon Curtis,"Kevin Costner, Milo Ventimiglia, Jackie Minns","Comedy, Drama, Romance",7.6
156,Honey Boy,2019,94,Alma Har'el,"Shia LaBeouf, Lucas Hedges, Noah Jupe",Drama,7.2
157,Super 30,2019,154,Vikas Bahl,"Hrithik Roshan, Mrunal Thakur, Nandish Singh Sandhu","Biography, Drama",7.9
158,The Aeronauts,2019,100,Tom Harper,"Felicity Jones, Eddie Redmayne, Himesh Patel","Action, Adventure, Drama",6.6
159,The Angry Birds Movie 2,2019,97,"Thurop Van Orman, John Rice","Jason Sudeikis, Josh Gad, Leslie Jones","Animation, Action, Adventure",6.4
160,Article 15,2019,130,Anubhav Sinha,"Ayushmann Khurrana, Nassar, Manoj Pahwa","Crime, Drama, Mystery",8.1
161,Ip Man 4: The Finale,2019,107,Wilson Yip,"Donnie Yen, Scott Adkins, Danny Kwok-Kwan Chan","Action, Biography, Drama",7.0
162,The Wandering Earth,2019,125,Frant Gwo,"Jing Wu, Man-Tat Ng, Zhi Wang","Action, Adventure, Sci-Fi",5.9
163,Between Two Ferns: The Movie,2019,82,Scott Aukerman,"Zach Galifianakis, Matthew McConaughey, Rekha Shankar",Comedy,6.1
164,I Lost My Body,2019,81,Jérémy Clapin,"Hakim Faris, Victoire Du Bois, Patrick d'Assumçao","Animation, Drama, Fantasy",7.5
165,Dora and the Lost City of Gold,2019,102,James Bobin,"Isabela Merced, Eugenio Derbez, Michael Peña","Action, Adventure, Comedy",6.1
166,IO,2019,96,Jonathan Helpert,"Margaret Qualley, Anthony Mackie, Danny Huston","Adventure, Drama, Sci-Fi",4.8
167,The Tashkent Files,2019,134,Vivek Agnihotri,"Shweta Basu Prasad, Mithun Chakraborty, Naseeruddin Shah","Drama, Mystery, Thriller",8.1
168,Queen & Slim,2019,132,Melina Matsoukas,"Daniel Kaluuya, Jodie Turner-Smith, Bokeem Woodbine","Crime, Drama, Romance",7.1
169,War,2019,151,Siddharth Anand,"Hrithik Roshan, Tiger Shroff, Vaani Kapoor","Action, Adventure, Thriller",6.6
170,Asuran,2019,141,Vetrimaaran,"Dhanush, Manju Warrier, Prakash Raj","Action, Drama",8.4
171,7500,2019,93,Patrick Vollrath,"Joseph Gordon-Levitt, Omid Memar, Aylin Tezel","Drama, Thriller",6.3
172,Waves,2019,135,Trey Edward Shults,"Taylor Russell, Kelvin Harrison Jr., Alexa Demie","Drama, Romance, Sport",7.5
173,The Red Sea Diving Resort,2019,129,Gideon Raff,"Mbulelo Grootboom, Sizo Mahlangu, Michael Kenneth Williams","Drama, History, Thriller",6.6
174,Harriet,2019,125,Kasi Lemmons,"Cynthia Erivo, Janelle Monáe, Leslie Odom Jr.","Action, Biography, Drama",6.7
175,What Men Want,2019,117,Adam Shankman,"Taraji P. Henson, Kristen Ledlow, Josh Brener","Comedy, Fantasy, Romance",5.4
176,Bharat,2019,150,Ali Abbas Zafar,"Salman Khan, Katrina Kaif, Sunil Grover","Action, Comedy, Drama",4.7
177,Jexi,2019,84,"Jon Lucas, Scott Moore","Adam Devine, Alexandra Shipp, Rose Byrne","Comedy, Romance, Sci-Fi",6.0
178,Bacurau,2019,131,"Juliano Dornelles, Kleber Mendonça Filho","Bárbara Colen, Thomás Aquino, Silvero Pereira","Action, Adventure, Drama",7.3
179,47 Meters Down: Uncaged,2019,90,Johannes Roberts,"Sophie Nélisse, Corinne Foxx, Brianne Tju","Adventure, Drama, Horror",5.0
180,Badla,2019,118,Sujoy Ghosh,"Amitabh Bachchan, Taapsee Pannu, Antonio Aakeel","Crime, Drama, Mystery",7.7
181,Mosul,2019,101,Matthew Michael Carnahan,"Waleed Elgadi, Suhail Dabbach, Adam Bessa","Action, Drama, Thriller",7.1
182,The Grudge,2019,94,Nicolas Pesce,"Tara Westwood, Junko Bailey, David Lawrence Brown","Fantasy, Horror",4.4
183,A Dog's Journey,2019,109,Gail Mancuso,"Josh Gad, Dennis Quaid, Kathryn Prescott","Adventure, Comedy, Drama",7.4
184,Swallow,2019,94,Carlo Mirabella-Davis,"Haley Bennett, Austin Stowell, Denis O'Hare","Drama, Thriller",6.5
185,A Hidden Life,2019,174,Terrence Malick,"August Diehl, Valerie Pachner, Maria Simon","Biography, Drama, Romance",7.4
186,The Prodigy,2019,92,Nicholas McCarthy,"Taylor Schilling, Jackson Robert Scott, Peter Mooney","Fantasy, Horror, Mystery",5.9
187,Missing Link,2019,93,Chris Butler,"Hugh Jackman, David Walliams, Stephen Fry","Animation, Adventure, Comedy",6.7
188,Les Misérables,2019,104,Ladj Ly,"Damien Bonnard, Alexis Manenti, Djebril Zonga","Crime, Drama, Thriller",7.6
189,Jay and Silent Bob Reboot,2019,105,Kevin Smith,"Joey Lauren Adams, Ben Affleck, Fred Armisen","Action, Adventure, Comedy",5.6
190,Noelle,2019,100,Marc Lawrence,"Anna Kendrick, Shirley MacLaine, Bill Hader","Comedy, Family, Fantasy",6.3
191,"The Gangster, the Cop, the Devil",2019,109,Lee Won-tae,"Ma Dong-seok, Kim Mu-yeol, Jeon Bae-soo","Action, Crime, Thriller",7.0
192,The Goldfinch,2019,149,John Crowley,"Oakes Fegley, Ansel Elgort, Nicole Kidman","Crime, Drama, Mystery",6.4
193,Black and Blue,2019,108,Deon Taylor,"Naomie Harris, Tyrese Gibson, Frank Grillo","Action, Thriller",6.4
194,Tall Girl,2019,101,Nzingha Stewart,"Ava Michelle, Griffin Gluck, Sabrina Carpenter","Comedy, Drama, Family",5.3
195,Close,2019,94,Vicky Jewson,"Noomi Rapace, Sophie Nélisse, Indira Varma","Action, Drama, Thriller",5.7
196,Apollo 11,2019,93,Todd Douglas Miller,"Neil Armstrong, Mike Collins, Buzz Aldrin","Documentary, History",8.1
197,Blinded by the Light,2019,118,Gurinder Chadha,"Billy Barratt, Ronak Singh Chadha Berges, Viveik Kalra","Comedy, Drama, Music",6.9
198,The Assistant,2019,87,Kitty Green,"Julia Garner, Owen Holland, Jon Orsini",Drama,6.3
199,Sorry We Missed You,2019,101,Ken Loach,"Kris Hitchen, Debbie Honeywood, Rhys Mcgowan",Drama,7.6
200,"Where'd You Go, Bernadette",2019,109,Richard Linklater,"Cate Blanchett, Billy Crudup, Emma Nelson","Comedy, Crime, Drama",6.5
201,Someone Great,2019,92,Jennifer Kaytin Robinson,"Gina Rodriguez, LaKeith Stanfield, Brittany Snow","Comedy, Romance",6.2
202,Rim of the World,2019,98,McG,"Jack Gore, Miya Cech, Benjamin Flores Jr.","Action, Adventure, Comedy",5.3
203,Bigil,2019,179,Atlee,"Joseph Vijay, Nayanthara, Jackie Shroff","Action, Drama, Sport",6.7
204,Let It Snow,2019,92,Luke Snellin,"Isabela Merced, Shameik Moore, Odeya Rush","Comedy, Romance",5.9
205,The Beach Bum,2019,95,Harmony Korine,"Matthew McConaughey, Snoop Dogg, Isla Fisher","Comedy, Drama",5.5
206,Secret Obsession,2019,97,Peter Sullivan,"Brenda Song, Mike Vogel, Dennis Haysbert","Crime, Drama, Mystery",4.5
207,Lady and the Tramp,2019,111,Charlie Bean,"Tessa Thompson, Justin Theroux, Sam Elliott","Adventure, Comedy, Family",6.2
208,The Great Hack,2019,114,"Karim Amer, Jehane Noujaim","Brittany Kaiser, David Carroll, Paul-Olivier Dehaye","Documentary, Biography, History",7.0
209,Saaho,2019,170,Sujeeth,"Prabhas, Shraddha Kapoor, Jackie Shroff","Action, Thriller",5.1
210,The Room,2019,100,Christian Volckman,"Olga Kurylenko, Kevin Janssens, Joshua Wilson","Drama, Fantasy, Horror",6.1
211,Jersey,2019,157,Gowtam Tinnanuri,"Nani, Shraddha Srinath, Sathyaraj","Drama, Sport",8.5
212,The Aftermath,2019,108,James Kent,"Keira Knightley, Ned Wills, Pandora Colin","Drama, Romance, War",6.4
213,American Factory,2019,110,"Steven Bognar, Julia Reichert","Junming 'Jimmy' Wang, Robert Allen, Sherrod Brown",Documentary,7.4
214,Kesari,2019,150,Anurag Singh,"Akshay Kumar, Parineeti Chopra, Suvinder Vicky","Action, Drama, History",7.4
215,Gully,2019,84,Nabil Elderkin,"Kelvin Harrison Jr., Jacob Latimore, Charlie Plummer","Crime, Drama",2.7
216,Wine Country,2019,103,Amy Poehler,"Amy Poehler, Rachel Dratch, Ana Gasteyer","Adventure, Comedy, Drama",5.5
217,Exit 0,2019,95,E.B. Hughes,"Gabe Fazio, Augie Duke, Federico Castelluccio","Mystery, Thriller",5.6
218,The Kitchen,2019,102,Andrea Berloff,"Melissa McCarthy, Tiffany Haddish, Elisabeth Moss","Action, Crime, Drama",5.6
219,The Hole in the Ground,2019,90,Lee Cronin,"Seána Kerslake, James Quinn Markey, Kati Outinen","Drama, Horror, Mystery",5.6
220,The Personal History of David Copperfield,2019,119,Armando Iannucci,"Dev Patel, Hugh Laurie, Tilda Swinton","Comedy, Drama",6.4
221,Student of the Year 2,2019,146,Punit Malhotra,"Tiger Shroff, Ananya Panday, Tara Sutaria","Action, Comedy, Drama",2.2
222,Falling Inn Love,2019,98,Roger Kumble,"Christina Milian, Adam Demos, Jeffrey Bowyer-Chapman","Comedy, Romance",5.7
223,Good Newwz,2019,134,Raj Mehta,"Akshay Kumar, Kareena Kapoor, Diljit Dosanjh","Comedy, Drama",6.8
224,Brittany Runs a Marathon,2019,104,Paul Downs Colaizzo,"Jillian Bell, Jennifer Dundas, Patch Darragh","Comedy, Drama",6.8
225,First Cow,2019,122,Kelly Reichardt,"Alia Shawkat, John Magaro, Dylan Smith","Drama, Western",7.1
226,Radioactive,2019,109,Marjane Satrapi,"Rosamund Pike, Yvette Feuer, Mirjam Novak","Biography, Drama, Romance",6.3
227,Corpus Christi,2019,115,Jan Komasa,"Bartosz Bielenia, Aleksandra Konieczna, Eliza Rycembel",Drama,7.7
228,The Wolf's Call,2019,115,Antonin Baudry,"François Civil, Omar Sy, Mathieu Kassovitz","Action, Thriller",6.9
229,Wounds,2019,95,Babak Anvari,"Armie Hammer, Zazie Beetz, Karl Glusman","Drama, Horror, Mystery",4.1
230,Avengement,2019,87,Jesse V. Johnson,"Scott Adkins, Craig Fairbrass, Thomas Turgoose","Action, Crime",6.6
231,The Last Black Man in San Francisco,2019,121,Joe Talbot,"Jimmie Fails, Jonathan Majors, Rob Morgan",Drama,7.2
232,Villains,2019,90,"Dan Berk, Robert Olsen","Bill Skarsgård, Maika Monroe, Blake Baumgartner","Comedy, Drama, Horror",6.2
233,An Officer and a Spy,2019,132,Roman Polanski,"Jean Dujardin, Louis Garrel, Pierre Poirot","Drama, History, Thriller",7.2
234,Can You Keep a Secret?,2019,94,Elise Durán,"Alexandra Daddario, Tyler Hoechlin, Sunita Mani","Comedy, Romance",5.4
235,A Dog's Way Home,2019,96,Charles Martin Smith,"Ashley Judd, Jonah Hauer-King, Edward James Olmos","Adventure, Drama, Family",6.7
236,The Knight Before Christmas,2019,92,Monika Mitchell,"Vanessa Hudgens, Josh Whitehouse, Emmanuelle Chriqui","Adventure, Comedy, Drama",5.6
237,Come to Daddy,2019,96,Ant Timpson,"Elijah Wood, Stephen McHattie, Garfield Wilson","Comedy, Mystery, Thriller",6.0
238,Dabangg 3,2019,160,Prabhu Deva,"Salman Khan, Sudeep, Sonakshi Sinha","Action, Comedy, Crime",3.0
239,La belle époque,2019,115,Nicolas Bedos,"Daniel Auteuil, Guillaume Canet, Doria Tillier","Comedy, Drama, Fantasy",7.4
240,The Best of Enemies,2019,133,Robin Bissell,"Taraji P. Henson, Sam Rockwell, Babou Ceesay","Biography, Drama, History",7.3
241,Black Christmas,2019,92,Sophia Takal,"Imogen Poots, Aleyse Shannon, Lily Donoghue","Horror, Mystery, Thriller",3.5
242,The Wretched,2019,95,"Brett Pierce, Drew T. Pierce","John-Paul Howard, Piper Curda, Jamison Jones","Drama, Horror, Mystery",5.8
243,The Intruder,2019,102,Deon Taylor,"Michael Ealy, Meagan Good, Dennis Quaid","Horror, Thriller",5.6
244,Cinayet Süsü,2019,112,Ali Atay,"Ugur Yücel, Binnur Kaya, Cengiz Bozkurt","Comedy, Crime, Mystery",6.7
245,Little Monsters,2019,93,Abe Forsythe,"Lupita Nyong'o, Alexander England, Josh Gad","Comedy, Horror, Sci-Fi",6.3
246,The Golden Glove,2019,115,Fatih Akin,"Jonas Dassler, Vasiliki Georgina Pseimada, Christine Jensen","Crime, Drama, Horror",6.7
247,Law of Tehran,2019,131,Saeed Roustayi,"Payman Maadi, Navid Mohammadzadeh, Parinaz Izadyar","Action, Crime, Drama",7.8
248,Kumbalangi Nights,2019,135,Madhu C. Narayanan,"Shane Nigam, Soubin Shahir, Fahadh Faasil","Comedy, Drama, Romance",8.5
249,Honeyland,2019,89,"Tamara Kotevska, Ljubomir Stefanov","Hatidze Muratova, Nazife Muratova, Hussein Sam",Documentary,8.0
250,Babyteeth,2019,118,Shannon Murphy,"Eliza Scanlen, Michelle Lotters, Toby Wallace","Comedy, Drama, Romance",7.2
251,The Kid Who Would Be King,2019,120,Joe Cornish,"Louis Ashbourne Serkis, Denise Gough, Dean Chaumoo","Action, Adventure, Family",6.1
252,Monos,2019,102,Alejandro Landes,"Sofia Buenaventura, Julián Giraldo, Karen Quintero","Adventure, Drama, Thriller",6.8
253,3 from Hell,2019,115,Rob Zombie,"Sheri Moon Zombie, Bill Moseley, Sid Haig","Action, Horror",5.4
254,Section 375,2019,124,Ajay Bahl,"Akshaye Khanna, Richa Chadha, Rahul Bhat","Crime, Drama, Mystery",8.1
255,"Yes, God, Yes",2019,78,Karen Maine,"Natalia Dyer, Timothy Simons, Wolfgang Novogratz","Comedy, Drama",6.1
256,Reign of the Supermen,2019,87,"Jake Castorena, Sam Liu","Jerry O'Connell, Rebecca Romijn, Rainn Wilson","Animation, Action, Adventure",6.8
257,Super Deluxe,2019,176,Thiagarajan Kumararaja,"Vijay Sethupathi, Fahadh Faasil, Samantha Ruth Prabhu","Comedy, Crime, Drama",8.2
258,Diego Maradona,2019,130,Asif Kapadia,"Diego Maradona, Dalma Maradona, Pelé","Documentary, Biography, Sport",7.7
259,Mission Mangal,2019,130,Jagan Shakti,"Akshay Kumar, Vidya Balan, Taapsee Pannu","Drama, History",6.6
260,Plus One,2019,98,"Jeff Chan, Andrew Rhymer","Jack Quaid, Maya Erskine, Beck Bennett","Comedy, Drama, Romance",6.6
261,Holiday in the Wild,2019,85,Ernie Barbarash,"Rob Lowe, Kristin Davis, Fezile Mpela","Comedy, Drama, Romance",6.2
262,Agent Sai Srinivasa Athreya,2019,148,Swaroop Rsj,"Naveen Polishetty, Shruti Sharma, Krishneswara Rao","Comedy, Crime, Mystery",8.3
263,Paradise Hills,2019,95,Alice Waddington,"Emma Roberts, Danielle Macdonald, Awkwafina","Fantasy, Mystery, Sci-Fi",5.3
264,Tell Me Who I Am,2019,86,Ed Perkins,"Andrew Caley, Alex Lewis, Marcus Lewis","Documentary, Drama, Mystery",7.6
265,Escape Plan: The Extractors,2019,87,John Herzfeld,"Sylvester Stallone, Dave Bautista, 50 Cent","Action, Crime, Thriller",4.4
266,Polaroid,2019,88,Lars Klevberg,"Kathryn Prescott, Tyler Young, Samantha Logan","Drama, Horror, Mystery",5.2
267,Kalank,2019,166,Abhishek Varman,"Kiara Advani, Alia Bhatt, Kriti Sanon","Drama, Romance",3.7
268,Mr. Jones,2019,119,Agnieszka Holland,"James Norton, Vanessa Kirby, Peter Sarsgaard","Biography, Drama, Thriller",6.9
269,Dream Girl,2019,132,Raaj Shaandilyaa,"Ayushmann Khurrana, Nushrratt Bharuccha, Annu Kapoor","Comedy, Romance",7.0
270,Playing with Fire,2019,96,Andy Fickman,"John Cena, Keegan-Michael Key, John Leguizamo","Comedy, Family",5.2
271,Money Trap,2019,121,Yilmaz Erdogan,"Yilmaz Erdogan, Kivanç Tatlitug, Ezgi Mola","Comedy, Crime",6.0
272,Big Time Adolescence,2019,91,Jason Orley,"Griffin Gluck, Larry John Meyers, Michael Devine","Comedy, Drama",6.9
273,Bala,2019,133,Amar Kaushik,"Ayushmann Khurrana, Bhumi Pednekar, Yami Gautam",Comedy,7.3
274,Our Friend,2019,124,Gabriela Cowperthwaite,"Jason Segel, Isabella Kai, Violet McGraw","Drama, Romance",7.3
275,A Shaun the Sheep Movie: Farmageddon,2019,86,"Will Becher, Richard Phelan","Justin Fletcher, John Sparkes, Amalia Vitale","Animation, Adventure, Comedy",6.8
276,Manikarnika: The Queen of Jhansi,2019,148,"Radha Krishna Jagarlamudi, Kangana Ranaut","Kangana Ranaut, Danny Denzongpa, Suresh Oberoi","Action, Biography, Drama",6.4
277,72 Hoorain,2019,80,Sanjay Puran Singh Chauhan,"Saru Maini, Mukesh Agrohari, Aishwarya Arora","Crime, Drama, Thriller",7.0
278,Light of My Life,2019,119,Casey Affleck,"Anna Pniowsky, Casey Affleck, Tom Bower","Drama, Sci-Fi, Thriller",6.6
279,1BR,2019,90,David Marmor,"Nicole Brydon Bloom, Giles Matthey, Taylor Nichols","Drama, Horror, Thriller",5.8
280,Point Blank,2019,86,Joe Lynch,"Frank Grillo, Stuart F. Wilson, Buster Reeves","Action, Crime, Drama",5.7
281,Earthquake Bird,2019,107,Wash Westmoreland,"Alicia Vikander, Kiki Sukezane, Kenichi Masuda","Crime, Drama, Mystery",6.0
282,The Edge of Democracy,2019,121,Petra Costa,"Dilma Rousseff, Luiz Inácio Lula da Silva, Marisa Letícia Lula da Silva","Documentary, History",7.3
283,Queen of Hearts,2019,127,May el-Toukhy,"Trine Dyrholm, Gustav Lindh, Magnus Krepper",Drama,7.0
284,Paddleton,2019,89,Alex Lehmann,"Christine Woods, Mark Duplass, Ray Romano","Comedy, Drama",7.2
285,System Crasher,2019,125,Nora Fingscheidt,"Helena Zengel, Albrecht Schuch, Gabriela Maria Schmeide",Drama,7.8
286,Danger Close,2019,118,Kriv Stenders,"Travis Fimmel, Toby Blome, Alexander England","Action, Drama, War",6.8
287,The Inventor: Out for Blood in Silicon Valley,2019,119,Alex Gibney,"Alex Gibney, Elizabeth Holmes, Dan Ariely","Documentary, Crime",7.2
288,Luce,2019,109,Julius Onah,"Naomi Watts, Octavia Spencer, Kelvin Harrison Jr.","Drama, Mystery, Thriller",6.6
289,Waiting for the Barbarians,2019,112,Ciro Guerra,"Mark Rylance, Johnny Depp, Robert Pattinson","Drama, History",5.9
290,Little,2019,109,Tina Gordon,"Regina Hall, Issa Rae, Marsai Martin","Comedy, Fantasy, Romance",5.6
291,Better Days,2019,135,Derek Tsang,"Dongyu Zhou, Jackson Yee, Fang Yin","Crime, Drama, Romance",7.6
292,The Mortuary Collection,2019,108,Ryan Spindell,"Tristan Byon, Eden Campbell, Hannah R. Loyd","Fantasy, Horror",6.4
293,Pinocchio,2019,125,Matteo Garrone,"Federico Ielapi, Roberto Benigni, Rocco Papaleo","Drama, Family, Fantasy",6.3
294,Sea Fever,2019,95,Neasa Hardiman,"Hermione Corfield, Dag Malmberg, Jack Hickey","Drama, Horror, Mystery",5.7
295,Housefull 4,2019,145,Farhad Samji,"Akshay Kumar, Riteish Deshmukh, Bobby Deol","Action, Comedy, Drama",3.6
296,And Then We Danced,2019,113,Levan Akin,"Levan Gelbakhiani, Bachi Valishvili, Ana Javakishvili","Drama, Romance",7.6
297,The Souvenir,2019,120,Joanna Hogg,"Tom Burke, Tilda Swinton, Frankie Wilson","Drama, Romance",6.4
298,Unplanned,2019,109,"Chuck Konzelman, Cary Solomon","Ashley Bratcher, Brooks Ryan, Robia Scott","Biography, Drama",5.5
299,The Mustang,2019,96,Laure de Clermont-Tonnerre,"Matthias Schoenaerts, Jason Mitchell, Bruce Dern",Drama,6.8
300,Pocket Hercules: Naim Süleymanoglu,2019,141,Özer Feyzioglu,"Hayat Van Eck, Selen Öztürk, Yetkin Dikinciler","Biography, Drama, History",8.2
301,The Last Full Measure,2019,116,Todd Robinson,"Sebastian Stan, Alison Sudol, Asher Miles Fallica","Drama, War",6.8
302,The Last Summer,2019,109,William Bindley,"KJ Apa, Maia Mitchell, Norman Johnson Jr.","Comedy, Romance",5.6
303,Don't Let Go,2019,103,Jacob Estes,"David Oyelowo, Storm Reid, Mykelti Williamson","Drama, Horror, Mystery",6.4
304,Lucifer,2019,175,Prithviraj Sukumaran,"Mohanlal, Vivek Oberoi, Manju Warrier","Action, Crime, Drama",7.5
305,The Collini Case,2019,123,Marco Kreuzpaintner,"Elyas M'Barek, Alexandra Maria Lara, Heiner Lauterbach","Crime, Drama, Thriller",7.3
306,Extreme Job,2019,111,Lee Byeong-heon,"Ryu Seung-ryong, Lee Hanee, Jin Seon-kyu","Action, Comedy, Crime",7.1
307,Luka Chuppi,2019,126,Laxman Utekar,"Kartik Aaryan, Kriti Sanon, Aparshakti Khurana","Comedy, Romance",6.4
308,Karakomik Filmler: 2 Arada,2019,60,Cem Yilmaz,"Cem Yilmaz, Cemre Ebuzziya, Ozan Güven","Comedy, Drama",6.4
309,True History of the Kelly Gang,2019,124,Justin Kurzel,"George MacKay, Essie Davis, Nicholas Hoult","Action, Biography, Crime",6.0
310,Collective,2019,109,Alexander Nanau,"Narcis Hogea, Cristina Tartau, Tedy Ursuleanu","Documentary, Crime",8.1
311,The Traitor,2019,153,Marco Bellocchio,"Pierfrancesco Favino, Maria Fernanda Cândido, Fabrizio Ferracane","Biography, Crime, Drama",7.1
312,Ne Zha,2019,110,Yu Yang,"Yanting Lü, Joseph, Mo Han","Animation, Action, Adventure",7.4
313,Miss Bala,2019,104,Catherine Hardwicke,"Gina Rodriguez, Thomas Dekker, Vivian Chan","Action, Crime, Drama",5.8
314,Cuck,2019,115,Rob Lambert,"Zachary Ray Sherman, Sally Kirkland, Timothy V. Murphy","Crime, Drama, Thriller",4.4
315,Viswasam,2019,153,Siva,"Ajith Kumar, Nayanthara, Jagapathi Babu","Action, Drama",6.9
316,Heroic Losers,2019,116,Sebastián Borensztein,"Ricardo Darín, Luis Brandoni, Verónica Llinás","Adventure, Comedy, Crime",7.2
317,For Sama,2019,100,"Waad Al-Kateab, Edward Watts","Waad Al-Kateab, Sama Al-Khateab, Hamza Al-Khateab","Documentary, Biography, War",8.5
318,Sonchiriya,2019,143,Abhishek Chaubey,"Sushant Singh Rajput, Bhumi Pednekar, Ashutosh Rana","Action, Crime, Drama",7.9
319,Triple Threat,2019,96,Jesse V. Johnson,"Tony Jaa, Hu Chen, Iko Uwais","Action, Thriller",5.6
320,Wonder Park,2019,85,Dylan Brown,"Sofia Mali, Jennifer Garner, Ken Hudson Campbell","Animation, Adventure, Comedy",5.9
321,The Coldest Game,2019,102,Lukasz Kosmicki,"Bill Pullman, Lotte Verbeek, James Bloor","History, Sport, Thriller",6.2
322,Knock Down the House,2019,87,Rachel Lears,"Alexandria Ocasio-Cortez, Cori Bush, Joe Crowley",Documentary,7.4
323,Otherhood,2019,100,Cindy Chupack,"Angela Bassett, Patricia Arquette, Felicity Huffman",Comedy,6.1
324,The Fanatic,2019,88,Fred Durst,"John Travolta, Devon Sawa, Ana Golja","Crime, Drama, Mystery",4.1
325,Batla House,2019,146,Nikkhil Advani,"Nora Fatehi, John Abraham, Mrunal Thakur","Action, Crime, Drama",7.2
326,Petta,2019,171,Karthik Subbaraj,"Rajinikanth, Vijay Sethupathi, Nawazuddin Siddiqui","Action, Drama",7.2
327,Blow the Man Down,2019,91,"Bridget Savage Cole, Danielle Krudy","David Coffin, David Pridemore, Adam Wolf Mayerson","Comedy, Crime, Drama",6.4
328,Angel of Mine,2019,98,Kim Farrant,"Noomi Rapace, Rebecca Bower, Luke Evans","Drama, Mystery, Thriller",6.3
329,We Summon the Darkness,2019,91,Marc Meyers,"Alexandra Daddario, Keean Johnson, Maddie Hasson","Drama, Horror, Music",5.2
330,Beanpole,2019,130,Kantemir Balagov,"Viktoria Miroshnichenko, Vasilisa Perelygina, Andrey Bykov","Drama, War",7.2
331,Troop Zero,2019,94,"Bertie Ellwood, Amber Templemore","Mckenna Grace, Viola Davis, Jim Gaffigan","Comedy, Drama, Family",6.9
332,Deerskin,2019,77,Quentin Dupieux,"Jean Dujardin, Adèle Haenel, Albert Delpy","Comedy, Horror",6.6
333,Wasp Network,2019,127,Olivier Assayas,"Penélope Cruz, Edgar Ramírez, Gael García Bernal","Crime, Drama, Thriller",5.9
334,Coma,2019,111,Nikita Argunov,"Rinal Mukhametov, Lyubov Aksyonova, Anton Pampushnyy","Action, Adventure, Mystery",6.3
335,Iron Sky: The Coming Race,2019,93,Timo Vuorensola,"Lara Rossi, Vladimir Burlakov, Kit Dale","Action, Adventure, Comedy",5.0
336,Fisherman's Friends,2019,112,Chris Foggin,"James Purefoy, Meadow Nobrega, David Hayman","Comedy, Drama, Music",7.0
337,Fantastic Fungi,2019,81,Louie Schwartzberg,"Brie Larson, Andrew Weil, Giuliana Furci",Documentary,7.4
338,Trauma Center,2019,87,Matt Eskandari,"Nicky Whelan, Bruce Willis, Tito Ortiz","Action, Thriller",4.0
339,The Courier,2019,99,Zackary Adler,"Olga Kurylenko, Gary Oldman, Amit Shah","Action, Crime, Drama",4.8
340,Extra Ordinary,2019,94,"Mike Ahern, Enda Loughman","Maeve Higgins, Barry Ward, Will Forte","Comedy, Fantasy, Horror",6.4
341,Guava Island,2019,55,Hiro Murai,"Donald Glover, Rihanna, Letitia Wright","Comedy, Drama, Music",6.7
342,Mine 9,2019,83,Eddie Mensore,"Terry Serpico, Mark Ashworth, Kevin Sizemore","Drama, Thriller",6.0
343,Primal,2019,97,Nick Powell,"Nicolas Cage, Famke Janssen, Kevin Durand","Action, Thriller",4.9
344,See You Yesterday,2019,84,Stefon Bristol,"Eden Duncan-Smith, Dante Crichlow, Astro","Action, Adventure, Crime",5.3
345,The Specials,2019,114,"Olivier Nakache, Éric Toledano","Vincent Cassel, Reda Kateb, Hélène Vincent","Comedy, Drama",7.4
346,The Poison Rose,2019,98,"Francesco Cinquemani, George Gallo","John Travolta, Morgan Freeman, Brendan Fraser","Crime, Mystery, Thriller",4.8
347,Girl on the Third Floor,2019,93,Travis Stevens,"CM Punk, Trieste Kelly Dunn, Sarah Brooks","Drama, Horror, Mystery",4.7
348,The Blue Elephant 2,2019,130,Marwan Hamed,"Karim Abdel Aziz, Nelly Karim, Hind Sabri","Crime, Drama, Horror",8.0
349,The Blackout,2019,127,Egor Baranov,"Aleksey Chadov, Pyotr Fyodorov, Svetlana Ivanova","Action, Sci-Fi, Thriller",6.0
350,Breakthrough,2019,116,Roxann Dawson,"Marcel Ruiz, Topher Grace, Sarah Constible","Biography, Drama",6.3
351,Killerman,2019,112,Malik Bader,"Liam Hemsworth, Emory Cohen, Diane Guerrero","Action, Thriller",5.4
352,Mermaid Down,2019,91,Jeffrey Grellman,"Alexandra Bokova, Meggan Kaiser, Burt Culver","Fantasy, Horror, Mystery",4.3
353,My Hero Academia: Heroes Rising,2019,104,Kenji Nagasaki,"Daiki Yamashita, Nobuhiko Okamoto, Yuka Terasaki","Animation, Action, Adventure",7.8
354,Nerkonda Paarvai,2019,157,H. Vinoth,"Ajith Kumar, Shraddha Srinath, Abhirami Venkatachalam","Action, Crime, Drama",7.7
355,Karakomik Filmler: Kaçamak,2019,60,Cem Yilmaz,"Cem Yilmaz, Zafer Algöz, Özkan Ugur","Adventure, Comedy, Fantasy",5.5
356,Justice League vs the Fatal Five,2019,77,Sam Liu,"Elyes Gabel, Diane Guerrero, Kevin Conroy","Animation, Action, Fantasy",6.5
357,Running with the Devil,2019,100,Jason Cabell,"Nicolas Cage, Laurence Fishburne, Leslie Bibb","Crime, Drama, Thriller",5.4
358,A Sun,2019,156,Mong-Hong Chung,"Chien-Ho Wu, Chen Yiwen, Samantha Shu-Chin Ko","Crime, Drama",7.6
359,Atlantics,2019,106,Mati Diop,"Mame Bineta Sane, Amadou Mbow, Ibrahima Traoré","Drama, Fantasy, Mystery",6.7
360,Daniel Isn't Real,2019,100,Adam Egypt Mortimer,"Miles Robbins, Patrick Schwarzenegger, Sasha Lane","Drama, Fantasy, Horror",6.1
361,Seberg,2019,102,Benedict Andrews,"Kristen Stewart, Yvan Attal, Gabriel Sky","Biography, Drama, History",6.0
362,Doom: Annihilation,2019,96,Tony Giglio,"Amy Manson, Dominic Mafham, Luke Allen-Gale","Action, Adventure, Horror",3.8
363,The Balkan Line,2019,130,Andrey Volgin,"Anton Pampushnyy, Milena Radulovic, Gosha Kutsenko","Action, War",6.6
364,The Legacy of the Bones,2019,121,Fernando González Molina,"Marta Etura, Carlos Librado 'Nene', Leonardo Sbaraglia","Crime, Mystery, Thriller",6.4
365,Mardaani 2,2019,103,Gopi Puthran,"Vishal Jethwa, Rani Mukerji, Avneet Kaur","Action, Crime, Drama",7.3
366,Dear Comrade,2019,169,Bharat Kamma,"Vijay Deverakonda, Rashmika Mandanna, Raj Arjun","Action, Drama, Romance",7.3
367,Maharshi,2019,176,Vamshi Paidipally,"Mahesh Babu, Allari Naresh, Pooja Hegde","Action, Drama",7.1
368,The Vigil,2019,89,Keith Thomas,"Dave Davis, Menashe Lustig, Malky Goldman","Horror, Mystery, Thriller",5.8
369,Killers Anonymous,2019,95,Martin Owen,"Tommy Flanagan, Rhyon Nicole Brown, MyAnna Buring","Action, Crime, Mystery",4.0
370,Sweetheart,2019,82,J.D. Dillard,"Kiersey Clemons, Emory Cohen, Hanna Mangan Lawrence","Adventure, Horror, Sci-Fi",5.8
371,The Last Boy,2019,87,Perry Bhandal,"Luke Goss, Flynn Allen, Peter Guinness","Fantasy, Mystery, Sci-Fi",4.8
372,Serial (Bad) Weddings 2,2019,99,Philippe de Chauveron,"Christian Clavier, Chantal Lauby, Ary Abittan","Comedy, Drama",6.1
373,Invisible Life,2019,139,Karim Aïnouz,"Julia Stockler, Carol Duarte, Flávia Gusmão",Drama,7.7
374,Awoken,2019,88,Daniel J. Phillips,"Erik Thomson, Sara West, Benson Jack Anthony","Horror, Mystery, Thriller",4.8
375,The Sky Is Pink,2019,143,Shonali Bose,"Priyanka Chopra Jonas, Farhan Akhtar, Zaira Wasim","Drama, Romance",7.6
376,Anukoni Athidhi,2019,136,Vivek,"Fahadh Faasil, Sai Pallavi, Atul Kulkarni","Drama, Mystery, Romance",6.7
377,The Translators,2019,105,Régis Roinsard,"Lambert Wilson, Olga Kurylenko, Riccardo Scamarcio","Mystery, Thriller",6.5
378,The Kid,2019,100,Vincent D'Onofrio,"Jake Schur, Leila George, Chris Pratt","Biography, Drama, Western",5.9
379,Enes Batur: Gerçek Kahraman,2019,99,Doga Can Anafarta,"Enes Batur, Ömer Basdogan, Altan Erkekli",Comedy,1.4
380,VFW,2019,92,Joe Begos,"Stephen Lang, William Sadler, Fred Williamson","Action, Crime, Horror",6.1
381,The Cleansing Hour,2019,94,Damien LeVeck,"Ryan Guzman, Kyle Gallner, Alix Angelis","Drama, Fantasy, Horror",6.0
382,Sextuplets,2019,97,Michael Tiddes,"Marlon Wayans, Bresha Webb, Michael Ian Black",Comedy,4.5
383,I'm No Longer Here,2019,112,Fernando Frias,"Juan Daniel García Treviño, Emily May Jampel, Xueming Angelina Chen",Drama,7.3
384,Recep Ivedik 6,2019,110,Togan Gökbakar,"Sahan Gökbakar, Nurullah Celebi, Somer Karvan",Comedy,3.0
385,"Oh, Ramona!",2019,109,Cristina Jacob,"Aggy K. Adams, Andromeda Godfrey, Basil Eidenbenz","Comedy, Romance",4.8
386,Little Joe,2019,105,Jessica Hausner,"Emily Beecham, Ben Whishaw, Kerry Fox","Drama, Horror, Mystery",5.8
387,Matthias & Maxime,2019,119,Xavier Dolan,"Gabriel D'Almeida Freitas, Xavier Dolan, Pier-Luc Funk","Drama, Romance",6.8
388,A Call to Spy,2019,123,Lydia Dean Pilcher,"Sarah Megan Thomas, Stana Katic, Radhika Apte","Biography, Crime, Drama",6.7
389,Line of Duty,2019,98,Steven C. Miller,"Aaron Eckhart, Courtney Eaton, Ben McKenzie","Action, Crime, Thriller",5.3
390,Rattlesnake,2019,85,Zak Hilditch,"Carmen Ejogo, Theo Rossi, Emma Greenwell","Drama, Horror, Mystery",4.7
391,Human Capital,2019,98,Marc Meyers,"Liev Schreiber, Marisa Tomei, Peter Sarsgaard","Drama, Thriller",5.7
392,Ema,2019,107,Pablo Larraín,"Mariana Di Girólamo, Gael García Bernal, Santiago Cabrera","Drama, Music, Romance",6.7
393,Proxima,2019,107,Alice Winocour,"Eva Green, Zélie Boulant, Matt Dillon","Adventure, Drama, Sci-Fi",6.3
394,Above Suspicion,2019,104,Phillip Noyce,"Emilia Clarke, Jack Huston, Sophie Lowe","Action, Biography, Crime",5.8
395,High Flying Bird,2019,90,Steven Soderbergh,"André Holland, Melvin Gregg, Eddie Tavares","Drama, Sport",6.2
396,Iron Mask,2019,120,Oleg Stepchenko,"Jason Flemyng, Xingtong Yao, Jackie Chan","Action, Adventure, Fantasy",4.8
397,Thadam,2019,138,Magizh Thirumeni,"Arun Vijay, Vidya Pradeep, Tanya Hope","Crime, Drama, Mystery",8.1
398,De De Pyaar De,2019,135,Akiv Ali,"Ajay Devgn, Tabu, Rakul Preet Singh","Comedy, Drama, Romance",6.5
399,Jallikattu,2019,95,Lijo Jose Pellissery,"Antony Varghese, Chemban Vinod Jose, Sabumon Abdusamad","Action, Crime, Drama",7.3
400,Get Duked!,2019,87,Ninian Doff,"Lewis Gribben, Rian Gordon, Viraj Juneja","Comedy, Horror, Music",6.2
401,The Beach House,2019,88,Jeffrey A. Brown,"Liana Liberato, Noah Le Gros, Jake Weber","Drama, Horror, Mystery",5.3
402,Eye for an Eye,2019,107,Paco Plaza,"Luis Tosar, Xan Cejudo, Ismael Martínez","Crime, Drama, Thriller",6.6
403,PM Narendra Modi,2019,136,Omung Kumar,"Vivek Oberoi, Boman Irani, Barkha Bisht","Biography, Drama",3.0
404,After the Wedding,2019,112,Bart Freundlich,"Julianne Moore, Michelle Williams, Billy Crudup",Drama,6.3
405,Sye Raa Narasimha Reddy,2019,167,Surender Reddy,"Chiranjeevi, Amitabh Bachchan, Sudeep","Action, Adventure, Drama",7.2
406,Lucy in the Sky,2019,124,Noah Hawley,"Natalie Portman, Jon Hamm, Zazie Beetz","Drama, Romance, Thriller",4.9
407,Crown Vic,2019,110,Joel Souza,"Thomas Jane, Luke Kleintank, Josh Hopkins","Crime, Drama, Mystery",6.5
408,Buddy Games,2019,96,Josh Duhamel,"Dan Bakkedahl, Kevin Dillon, Josh Duhamel",Comedy,4.8
409,Blue Story,2019,91,Rapman,"Rohan Nedd, Micheal Ward, Jo Martin","Crime, Drama, Musical",6.3
410,Wonder Woman: Bloodlines,2019,83,"Justin Copeland, Sam Liu","Rosario Dawson, Jeffrey Donovan, Marie Avgeropoulos","Animation, Action, Fantasy",5.9
411,Dreamland,2019,98,Miles Joris-Peyrafitte,"Finn Cole, Margot Robbie, Travis Fimmel","Drama, Thriller, Western",5.9
412,Pati Patni Aur Woh,2019,126,Mudassar Aziz,"Kartik Aaryan, Bhumi Pednekar, Ananya Panday","Comedy, Romance",5.8
413,One Piece: Stampede,2019,101,Takashi Ôtsuka,"Felecia Angelle, Greg Ayres, Tia Lynn Ballard","Animation, Action, Adventure",7.5
414,Daughter of the Wolf,2019,88,David Hackl,"Gina Carano, Brendan Fehr, Anton Gillis-Adelman","Action, Thriller",4.5
415,Greed,2019,104,Michael Winterbottom,"Caroline Flack, Steve Coogan, David Mitchell","Comedy, Drama",5.8
416,Funhouse,2019,106,Jason William Lee,"Valter Skarsgård, Khamisa Wilsher, Gigi Saul Guerrero","Crime, Drama, Horror",5.2
417,Game Over,2019,102,Ashwin Saravanan,"Taapsee Pannu, Vinodhini Vaidynathan, Ramya Subramanian","Drama, Mystery, Thriller",6.9
418,The Sun Is Also a Star,2019,100,Ry Russo-Young,"Yara Shahidi, Anais Lee, Charles Melton","Drama, Music, Romance",5.9
419,"Bikram: Yogi, Guru, Predator",2019,86,Eva Orner,"Larissa Anderson, Francesca Asumah, Sarah Baughn","Documentary, Crime",6.7
420,Buffaloed,2019,95,Tanya Wexler,"Zoey Deutch, Jai Courtney, Judy Greer","Comedy, Drama",6.2
421,Only the Animals,2019,117,Dominik Moll,"Denis Ménochet, Laure Calamy, Damien Bonnard","Crime, Drama, Mystery",7.1
422,Avane Srimannarayana,2019,186,"Sachin Ravi, Sachin","Rakshit Shetty, Shanvi Srivastava, Achyuth Kumar","Action, Adventure, Comedy",7.6
423,First Love,2019,108,Takashi Miike,"Becky, Bengal, Masayuki Deai","Action, Comedy, Crime",6.7
424,Brother in Love,2019,115,Onur Bilgetay,"Cem Gelinoglu, Melis Babadag, Ege Kökenli",Comedy,7.0
425,La Llorona,2019,97,Jayro Bustamante,"María Mercedes Coroy, Sabrina De La Hoz, Margarita Kenéfic","Crime, Drama, Horror",6.6
426,A Christmas Prince: The Royal Baby,2019,84,John Schultz,"Rose McIver, Ben Lamb, Alice Krige","Family, Romance",5.4
427,Total Dhamaal,2019,130,Indra Kumar,"Ajay Devgn, Anil Kapoor, Madhuri Dixit","Adventure, Comedy",4.3
428,Last Breath,2019,90,"Richard da Costa, Alex Parkinson","Duncan Allcock, Kjetil Ove Alvestad, Stuart Anderson",Documentary,7.6
429,Evaru,2019,118,Venkat Ramji,"Adivi Sesh, Regena Cassandrra, Naveen Chandra","Mystery, Thriller",8.1
430,Once Upon a Time in London,2019,111,Simon Rumley,"Terry Stone, Andy Beckwith, Josh Myers","Crime, History",5.2
431,Drive,2019,147,Tarun Mansukhani,"Sushant Singh Rajput, Jacqueline Fernandez, Vikramjeet Virk","Action, Crime, Thriller",3.2
432,The Kill Team,2019,87,Dan Krauss,"Nat Wolff, Alexander Skarsgård, Adam Long","Action, Biography, Drama",6.0
433,The Truth,2019,106,Hirokazu Koreeda,"Catherine Deneuve, Juliette Binoche, Ethan Hawke","Comedy, Drama",6.5
434,The Accidental Prime Minister,2019,112,Vijay Ratnakar Gutte,"Anupam Kher, Akshaye Khanna, Suzanne Bernert","Biography, Drama",6.0
435,Impetigore,2019,106,Joko Anwar,"Tara Basro, Ario Bayu, Marissa Anita","Horror, Mystery, Thriller",6.6
436,About Endlessness,2019,78,Roy Andersson,"Jessica Louthander, Tatiana Delaunay, Anders Hellström","Comedy, Drama, Fantasy",6.8
437,The Wild Goose Lake,2019,113,Yi'nan Diao,"Ge Hu, Lun-Mei Gwei, Fan Liao","Crime, Drama",6.7
438,Martin Eden,2019,129,Pietro Marcello,"Luca Marinelli, Jessica Cressy, Vincenzo Nemolato","Drama, Romance",7.0
439,UglyDolls,2019,87,Kelly Asbury,"Kelly Clarkson, Nick Jonas, Janelle Monáe","Animation, Adventure, Comedy",5.1
440,The Painted Bird,2019,169,Václav Marhoul,"Petr Kotlár, Nina Sunevic, Alla Sokolova","Drama, Horror, Thriller",7.3
441,Hail Satan?,2019,95,Penny Lane,"Jex Blackmore, Chalice Blythe, Nicholas Crowe",Documentary,7.3
442,Rolling Thunder Revue,2019,142,Martin Scorsese,"Bob Dylan, Allen Ginsberg, Patti Smith","Documentary, Biography, History",7.5
443,Exit,2019,103,Lee Sang-geun,"Jo Jung-suk, Im Yoon-ah, Ko Du-shim","Action, Comedy",7.0
444,The Queen's Corgi,2019,85,"Vincent Kesteloot, Ben Stassen","Rusty Shackleford, Jo Wyatt, Leo Barakat","Animation, Comedy, Family",4.9
445,Homecoming: A Film by Beyoncé,2019,137,"Beyoncé, Ed Burke","Beyoncé, Jay-Z, Kelly Rowland","Documentary, Music",7.6
446,Burn,2019,88,Mike Gan,"Tilda Cobham-Hervey, Josh Hutcherson, Suki Waterhouse","Comedy, Crime, Thriller",5.7
447,Lux Æterna,2019,51,Gaspar Noé,"Béatrice Dalle, Charlotte Gainsbourg, Abbey Lee","Drama, Thriller",6.2
448,The Warden,2019,87,Nima Javidi,"Navid Mohammadzadeh, Parinaz Izadyar, Setareh Pesyani","Drama, History, Mystery",7.3
449,Drunk Parents,2019,97,Fred Wolf,"Alec Baldwin, Salma Hayek, Jim Gaffigan",Comedy,4.0
450,Who You Think I Am,2019,101,Safy Nebbou,"Juliette Binoche, Nicole Garcia, François Civil","Drama, Romance",6.8
451,The Perfect Secret,2019,120,Bora Dagtekin,"Wotan Wilke Möhring, Jessica Schwarz, Elyas M'Barek","Comedy, Drama, Romance",6.6
452,The Death of Dick Long,2019,100,Daniel Scheinert,"Michael Abbott Jr., Virginia Newcomb, Andre Hyland","Comedy, Crime, Drama",6.4
453,Poms,2019,90,Zara Hayes,"Diane Keaton, Jacki Weaver, Celia Weston","Comedy, Drama, Sport",6.1
454,The Operative,2019,116,Yuval Adler,"Diane Kruger, Martin Freeman, Cas Anvar","Action, Drama, Mystery",5.8
455,Calm with Horses,2019,100,Nick Rowland,"Cosmo Jarvis, Barry Keoghan, Liam Carney","Crime, Drama, Thriller",6.8
456,Chase,2019,84,Michael Matteo Rossi,"Richard Riehle, Jessica Morris, Skye Townsend",Thriller,4.1
457,"Endings, Beginnings",2019,110,Drake Doremus,"Shailene Woodley, Jamie Dornan, Sebastian Stan",Drama,5.6
458,Dolly Kitty and Those Twinkling Stars,2019,126,Alankrita Shrivastava,"Konkona Sen Sharma, Bhumi Pednekar, Amol Parashar","Comedy, Drama",5.2
459,The Immortal,2019,116,Marco D'Amore,"Marco D'Amore, Giuseppe Aiello, Salvatore D'Onofrio","Crime, Drama, Thriller",6.8
460,Tottaa Pataaka Item Maal,2019,107,Aditya Kripalani,"Shalini Vatsa, Chitrangada Satarupa, Sonal Joshi",Drama,6.3
461,Rascal Does Not Dream of a Dreaming Girl,2019,89,Sôichi Masui,"Kaito Ishikawa, Asami Seto, Inori Minase","Animation, Drama, Fantasy",8.2
462,Lunana: A Yak in the Classroom,2019,110,Pawo Choyning Dorji,"Sherab Dorji, Ugyen Norbu Lhendup, Kelden Lhamo Gurung","Drama, Family",7.5
463,Jungleland,2019,90,Max Winkler,"Charlie Hunnam, Jack O'Connell, Naheem Garcia",Drama,6.2
464,American Son,2019,90,Kenny Leon,"Kerry Washington, Steven Pasquale, Jeremy Jordan",Drama,5.9
465,Violet Evergarden: Eternity and the Auto Memory Doll,2019,90,Haruka Fujita,"Yui Ishikawa, Minako Kotobuki, Aoi Yûki","Animation, Drama, Family",7.5
466,Inside Man: Most Wanted,2019,105,M.J. Bassett,"Aml Ameen, Rhea Seehorn, Roxanne McKee","Action, Crime, Thriller",5.6
467,Dogs Don't Wear Pants,2019,105,J.-P. Valkeapää,"Pekka Strang, Ester Geislerová, Ellen Karppo","Drama, Romance",6.8
468,The Endless Trench,2019,147,"Aitor Arregi, Jon Garaño, Jose Mari Goenaga","Antonio de la Torre, Belén Cuesta, Vicente Vergara","Drama, History",7.2
469,One Child Nation,2019,83,"Nanfu Wang, Jialing Zhang","Nanfu Wang, Zaodi Wang, Zhimei Wang","Documentary, History",7.5
470,A Score to Settle,2019,103,Shawn Ku,"Nicolas Cage, Noah Le Gros, Karolina Wydra","Action, Crime, Drama",4.8
471,"Live Twice, Love Once",2019,101,Maria Ripoll,"Oscar Martínez, Inma Cuesta, Mafalda Carbonell","Comedy, Drama",7.2
472,Mosul,2019,86,Daniel Gabriel,"Bashar Atiyat, Ali Mula, Anouar H. Smaine","Documentary, War",7.5
473,Cold Blood,2019,91,Frédéric Petitjean,"Jean Reno, Sarah Lind, Joe Anderson","Action, Thriller",4.7
474,Lying and Stealing,2019,100,Matt Aselton,"Theo James, Emily Ratajkowski, Fred Melamed","Crime, Drama, Thriller",5.5
475,Android Kunjappan Ver 5.25,2019,140,Ratheesh Balakrishnan Poduval,"Soubin Shahir, Suraj Venjaramoodu, Kendy Zirdo","Comedy, Drama, Sci-Fi",8.0
476,Hum Chaar,2019,143,"Abhishek Dixit, Sunny Mandavarra","Prit Kamani, Simran Sharma, Anshuman Malhotra",Drama,6.7
477,While at War,2019,107,Alejandro Amenábar,"Karra Elejalde, Eduard Fernández, Santi Prego","Drama, History, War",6.9
478,Satanic Panic,2019,85,Chelsea Stardust,"Rebecca Romijn, Arden Myrin, Hayley Griffith","Comedy, Horror",5.6
479,The Ruthless,2019,111,Renato De Maria,"Riccardo Scamarcio, Sara Serraiocco, Alessio Praticò","Crime, Drama",6.2
480,The Tunnel,2019,105,Pål Øie,"Thorbjørn Harr, Ylva Fuglerud, Lisa Carlehed","Action, Drama, Thriller",6.0
481,Cosmos,2019,128,"Elliot Weaver, Zander Weaver","Tom England, Joshua Ford, Arjun Singh Panam","Adventure, Mystery, Sci-Fi",6.0
482,Judgementall Hai Kya,2019,121,Prakash Kovelamudi,"Kangana Ranaut, Rajkummar Rao, Amyra Dastur","Comedy, Drama, Mystery",5.9
483,The Wave,2019,87,Gille Klabin,"Justin Long, Tommy Flanagan, Katia Winter","Sci-Fi, Thriller",6.2
484,The Last Laugh,2019,98,Greg Pritikin,"Chevy Chase, Richard Dreyfuss, Andie MacDowell","Comedy, Drama",5.6
485,Rabid,2019,107,"Jen Soska, Sylvia Soska","Laura Vandervoort, Benjamin Hollingsworth, Ted Atherton","Horror, Sci-Fi",5.2
486,Fyre Fraud,2019,96,"Jenner Furst, Julia Willoughby Nason","Billy McFarland, Jake Horowitz, Polly Mosendz",Documentary,6.8
487,Driveways,2019,83,Andrew Ahn,"Lucas Jaye, Hong Chau, Brian Dennehy",Drama,7.2
488,Domino,2019,89,Brian De Palma,"Nikolaj Coster-Waldau, Søren Malling, Paprika Steen","Crime, Thriller",4.5
489,Ode to Joy,2019,97,Jason Winer,"Martin Freeman, Morena Baccarin, Jake Lacy","Comedy, Romance",6.4
490,Kidnapping Stella,2019,89,Thomas Sieben,"Max von der Groeben, Jella Haase, Clemens Schick","Crime, Drama, Thriller",4.9
491,The Whistlers,2019,97,Corneliu Porumboiu,"Vlad Ivanov, Catrinel Marlon, Rodica Lazar","Comedy, Crime, Drama",6.3
492,Operation Cicero,2019,126,Serdar Akar,"Erdal Besikçioglu, Burcu Biricik, Ertan Saban","Action, Crime, Drama",6.5
493,Z,2019,83,Brandon Christensen,"Keegan Connor Tracy, Jett Klyne, Sean Rogerson","Horror, Mystery, Thriller",5.5
494,Demon House,2019,95,Zak Bagans,"Zak Bagans, Adam Ahlbrandt, Kevin Ammons","Documentary, Horror, Mystery",4.8
495,Tune in for Love,2019,122,Jung Ji-woo,"Kim Go-eun, Jung Hae-in, Park Hae-joon","Drama, Romance",7.2
496,Love at Second Sight,2019,117,Hugo Gélin,"François Civil, Joséphine Japy, Benjamin Lavernhe","Comedy, Drama, Fantasy",6.9
497,Noah Land,2019,109,Cenk Ertürk,"Ali Atay, Haluk Bilginer, Hande Dogandemir",Drama,7.1
498,Yummy,2019,88,Lars Damoiseaux,"Maaike Neuville, Bart Hollanders, Benjamin Ramon","Comedy, Horror",5.9
499,Kaappaan,2019,166,K.V. Anand,"Sayyeshaa Saigal, Suriya, Arya","Action, Drama, Thriller",6.2
500,Ashfall,2019,130,"Kim Byung-seo, Lee Hae-jun","Lee Byung-hun, Ha Jung-woo, Jeon Hye-jin","Action, Sci-Fi, Thriller",6.2
501,Pokémon: Mewtwo Strikes Back - Evolution,2019,98,"Motonori Sakakibara, Kunihiko Yuyama","Sarah Natochenny, Dan Green, Bill Rogers","Animation, Action, Family",5.7
502,Hope Gap,2019,100,William Nicholson,"Annette Bening, Bill Nighy, Josh O'Connor","Drama, Romance",6.7
503,Hell House LLC III: Lake of Fire,2019,85,Stephen Cognetti,"Gabriel Chytry, Elizabeth Vermilyea, Sam Kazzi","Horror, Mystery",5.1
504,Ramprasad Ki Tehrvi,2019,115,"Seema Pahwa, Sunny Mandavarra","Supriya Pathak, Konkona Sen Sharma, Parambrata Chattopadhyay","Comedy, Drama",7.4
505,An Easy Girl,2019,92,Rebecca Zlotowski,"Mina Farid, Zahia Dehar, Benoît Magimel","Comedy, Drama",5.6
506,The Burnt Orange Heresy,2019,99,Giuseppe Capotondi,"Claes Bang, Elizabeth Debicki, Mick Jagger","Drama, Mystery, Thriller",6.1
507,Assimilate,2019,93,John Murlowski,"Joel Courtney, Calum Worthy, Andi Matichak","Horror, Sci-Fi, Thriller",5.3
508,Twin Murders: The Silence of the White City,2019,110,Daniel Calparsoro,"Belén Rueda, Javier Rey, Aura Garrido","Crime, Drama, Mystery",5.4
509,Georgetown,2019,99,Christoph Waltz,"Christoph Waltz, Vanessa Redgrave, Annette Bening","Biography, Crime, Drama",6.2
510,Romeo Akbar Walter,2019,141,Robbie Grewal,"John Abraham, Mouni Roy, Jackie Shroff","Action, Drama, Thriller",6.7
511,The Furies,2019,82,Tony D'Aquino,"Danielle Horvat, Leo Stripp, Dean Gould","Action, Horror, Thriller",5.4
512,Synonyms,2019,123,Nadav Lapid,"Tom Mercier, Quentin Dolmaire, Louise Chevillotte","Comedy, Drama",6.3
513,Harpoon,2019,83,Rob Grant,"Munro Chambers, Chris Gray, Emily Tyra","Comedy, Horror, Thriller",5.9
514,Blackbird,2019,97,Roger Michell,"Sam Neill, Susan Sarandon, Anson Boon",Drama,6.6
515,Adults in the Room,2019,124,Costa-Gavras,"Christos Loulis, Alexandros Bourdoumis, Ulrich Tukur",Drama,6.0
516,Panipat,2019,171,Ashutosh Gowariker,"Arjun Kapoor, Sanjay Dutt, Kriti Sanon","Action, Drama, History",5.2
517,The Last Vermeer,2019,118,Dan Friedkin,"Guy Pearce, Claes Bang, Vicky Krieps","Drama, War",6.7
518,House Owner,2019,109,Lakshmy Ramakrishnan,"Kishore Kumar G., Sriranjani, Kishore Shanthi Dhinakaran",Drama,7.0
519,Konosuba!: God's Blessing on This Wonderful World! - Legend of Crimson,2019,90,Takaomi Kanasaki,"Jun Fukushima, Sora Amamiya, Rie Takahashi","Animation, Action, Adventure",7.8
520,Photograph,2019,110,Ritesh Batra,"Nawazuddin Siddiqui, Sanya Malhotra, Sachin Khedekar","Drama, Romance",6.8
521,The First King,2019,123,Matteo Rovere,"Alessandro Borghi, Alessio Lapice, Fabrizio Rongione","Action, Adventure, Drama",6.5
522,Military Wives,2019,112,Peter Cattaneo,"Kristin Scott Thomas, Sharon Horgan, Emma Lowndes","Comedy, Drama, Music",6.5
523,Kill Chain,2019,91,Ken Sanzel,"Nicolas Cage, Anabelle Acosta, Enrico Colantoni","Action, Drama, Thriller",5.0
524,Elisa & Marcela,2019,118,Isabel Coixet,"Natalia de Molina, Greta Fernández, Sara Casasnovas","Biography, Drama, Romance",6.6
525,Beats,2019,109,Chris Robinson,"Khalil Everage, Evan J. Simpson, Ashley Jackson","Drama, Music",6.4
526,Saand Ki Aankh,2019,146,Tushar Hiranandani,"Taapsee Pannu, Bhumi Pednekar, Prakash Jha","Biography, Drama",7.5
527,"A White, White Day",2019,109,Hlynur Pálmason,"Ingvar Sigurdsson, Ída Mekkín Hlynsdóttir, Hilmir Snær Guðnason","Drama, Mystery, Thriller",6.6
528,Strange But True,2019,96,Rowan Athale,"Nick Robinson, Amy Ryan, Greg Kinnear","Drama, Mystery, Thriller",5.9
529,3022,2019,91,John Suits,"Omar Epps, Kate Walsh, Angus Macfadyen",Sci-Fi,4.5
530,Overcomer,2019,119,Alex Kendrick,"Alex Kendrick, Priscilla C. Shirer, Cameron Arnett","Drama, Family, Sport",6.7
531,Greener Grass,2019,95,"Jocelyn DeBoer, Dawn Luebbe","Jocelyn DeBoer, Dawn Luebbe, Beck Bennett",Comedy,6.4
532,Grand Isle,2019,97,Stephen S. Campanelli,"Nicolas Cage, KaDee Strickland, Luke Benward","Crime, Mystery, Thriller",4.7
533,Gundala,2019,123,"Joko Anwar, Stephen Hoff","Abimana Aryasatya, Tara Basro, Bront Palarae","Action, Adventure, Drama",6.1
534,Son of a Rich,2019,109,Klim Shipenko,"Milos Bikovic, Vadim Demchog, Ivan Okhlobystin",Comedy,6.6
535,Red Shoes and the Seven Dwarfs,2019,92,"Hong Sung-ho, Moo-Hyun Jang, Young Sik Uhm","Chloë Grace Moretz, Sam Claflin, Gina Gershon","Animation, Action, Adventure",6.5
536,Bliss,2019,80,Joe Begos,"Dora Madison, Tru Collins, Rhys Wakefield","Drama, Horror, Mystery",5.9
537,Two Ways Home,2019,92,Ron Vignone,"Tanna Frederick, Tom Bower, Elizabeth Bauman",Drama,7.6
538,Sibyl,2019,101,Justine Triet,"Virginie Efira, Adèle Exarchopoulos, Gaspard Ulliel",Drama,6.0
539,The Other Lamb,2019,96,Malgorzata Szumowska,"Raffey Cassidy, Michiel Huisman, Denise Gough","Drama, Horror, Mystery",5.3
540,Furie,2019,98,Le-Van Kiet,"Veronica Ngo, Mai Cát Vi, Thanh Nhien Phan","Action, Drama, Thriller",6.3
541,Impossible Monsters,2019,84,Nathan Catucci,"Devika Bhise, Dónall Ó Héalai, Rajeev Varma",Thriller,4.1
542,Finding Steve McQueen,2019,91,Mark Steven Johnson,"Travis Fimmel, Rachael Taylor, Forest Whitaker","Crime, Drama",6.2
543,It Must Be Heaven,2019,102,Elia Suleiman,"Elia Suleiman, Tarik Kopty, Kareem Ghneim","Comedy, Drama",6.9
544,Blood Quantum,2019,98,Jeff Barnaby,"Michael Greyeyes, Elle-Máijá Tailfeathers, Forrest Goodluck","Drama, Horror",5.6
545,White Snake,2019,99,"Amp Wong, Ji Zhao","Kaiji Tang, Matthew Moy, Stephanie Sheh","Animation, Action, Adventure",7.0
546,Eftihia,2019,123,Angelos Frantzis,"Karyofyllia Karabeti, Katia Goulioni, Pigmalion Dadakaridis","Biography, Drama, Music",8.0
547,122,2019,95,Yasir Alyasiri,"Ahmed Dawood, Tarek Lotfy, Amina Khalil","Horror, Thriller",5.6
548,"So Long, My Son",2019,185,Xiaoshuai Wang,"Jingchun Wang, Mei Yong, Xi Qi",Drama,7.7
549,A Good Woman Is Hard to Find,2019,97,Abner Pastoll,"Sarah Bolger, Edward Hogg, Andrew Simpson","Crime, Drama, Thriller",6.3
550,The Jesus Rolls,2019,85,John Turturro,"John Turturro, Bobby Cannavale, Audrey Tautou","Comedy, Crime, Drama",4.4
551,Ujda Chaman,2019,120,Abhishek Pathak,"Sunny Singh, Maanvi Gagroo, Karishma Sharma",Comedy,6.9
552,"Someone, Somewhere",2019,110,Cédric Klapisch,"François Civil, Ana Girardot, Camille Cottin","Comedy, Drama, Romance",6.6
553,Rocks,2019,93,Sarah Gavron,"Bukky Bakray, Kosar Ali, D'angelou Osei Kissiedu",Drama,7.4
554,Majili,2019,154,Shiva Nirvana,"Samantha Ruth Prabhu, Naga Chaitanya Akkineni, Atul Kulkarni","Drama, Romance",7.3
555,Despite Everything,2019,78,Gabriela Tagliavini,"Blanca Suárez, Macarena García, Amaia Salamanca",Comedy,5.4
556,Travis Scott: Look Mom I Can Fly,2019,84,"White Trash Tyler, Isaac Yowman","Mike Dean, Kylie Jenner, Kevin Parker","Documentary, Music",6.3
557,Virus,2019,152,Aashiq Abu,"Basil Joseph, Kunchacko Boban, Asif Ali","Drama, Thriller",7.7
558,Radioflash,2019,103,Ben McPherson,"Brighton Sharbino, Dominic Monaghan, Will Patton","Drama, Sci-Fi, Thriller",4.8
559,The Song of Names,2019,113,François Girard,"Eddie Izzard, Gerran Howell, Stanley Townsend","Drama, Music, Mystery",6.5
560,Clemency,2019,112,Chinonye Chukwu,"Alfre Woodard, Richard Schiff, Aldis Hodge",Drama,6.5
561,Saint Frances,2019,101,Alex Thompson,"Kelly O'Sullivan, Ramona Edith Williams, Charin Alvarez","Comedy, Drama",7.1
562,Nancy Drew and the Hidden Staircase,2019,89,Katt Shea,"Sophia Lillis, Zoe Renee, Mackenzie Graham","Comedy, Crime, Drama",5.7
563,Itsy Bitsy,2019,94,Micah Gallo,"Bruce Davison, Elizabeth Roberts, Denise Crosby","Fantasy, Horror, Mystery",4.6
564,NGK,2019,148,K. Selvaraghavan,"Suriya, Sai Pallavi, Rakul Preet Singh","Action, Drama, Thriller",5.7
565,Promare,2019,111,Hiroyuki Imaishi,"John Eric Bentley, Steve Blum, Johnny Yong Bosch","Animation, Action, Adventure",7.0
566,Mathu Vadalara,2019,130,Ritesh Rana,"Sri Simha Koduri, Satya, Naresh Agastya","Comedy, Crime, Thriller",8.2
567,Svaha: The Sixth Finger,2019,122,Jang Jae-hyun,"Lee Jung-jae, Yoo Ji-tae, Lee Da-wit","Crime, Horror, Mystery",6.3
568,Laal Kaptaan,2019,155,Navdeep Singh,"Saif Ali Khan, Zoya Hussain, Manav Vij","Action, Adventure, Drama",7.2
569,Ordinary Love,2019,92,"Lisa Barros D'Sa, Glenn Leyburn","Lesley Manville, Liam Neeson, Esh Alladi","Drama, Romance",6.6
570,Disappearance at Clifton Hill,2019,100,Albert Shin,"Addison Tymec, Mikayla Radan, Tim Beresford","Drama, Mystery, Thriller",5.4
571,Piranhas,2019,111,Claudio Giovannesi,"Francesco Di Napoli, Viviana Aprea, Mattia Piano Del Balzo","Crime, Drama",6.5
572,Turkish Ice-Cream,2019,123,Can Ulkay,"Ali Atay, Erkan Kolçak Köstendil, Sebnem Bozoklu","Drama, History, War",6.4
573,Bait,2019,89,Mark Jenkin,"Edward Rowe, Giles King, Chloe Endean",Drama,7.1
574,Inner City Rats,2019,73,Sam Garcia Southern,"Madwiz, Radamiz Rodriguez, Skyler Gallun","Action, Comedy, Crime",5.6
575,Chopsticks,2019,100,Sachin Yardi,"Abhay Deol, Mithila Palkar, Vijay Raaz","Comedy, Drama",6.5
576,W gli Sposi,2019,88,Valerio Zanoli,"Iva Zanicchi, Carlo Pistarino, Marisa Laurito",Comedy,4.0
577,Robert the Bruce,2019,124,Richard Gray,"Angus Macfadyen, Diarmaid Murtagh, Jared Harris","Biography, Drama, History",5.4
578,The Mandela Effect,2019,79,"Benjamin Epps, David Guy Levy","Charlie Hofheimer, Aleksa Palladino, Robin Lord Taylor","Drama, Horror, Sci-Fi",5.8
579,QT8: The First Eight,2019,103,Tara Wood,"Zoë Bell, Louis Black, Bruce Dern",Documentary,7.3
580,Scare Package,2019,107,"Courtney Andujar, Hillary Andujar, Anthony Cousins","Jon Michael Simpson, Luxy Banner, Sydney Huddleston","Comedy, Drama, Fantasy",5.4
581,Blizzard of Souls,2019,123,Dzintars Dreibergs,"Oto Brantevics, Greta Trusina, Martins Vilsons","Action, Drama, History",7.2
582,Mary,2019,84,Michael Goi,"Gary Oldman, Emily Mortimer, Manuel Garcia-Rulfo","Horror, Mystery",4.5
583,The Kindness of Strangers,2019,112,Lone Scherfig,"Zoe Kazan, Esben Smed, Jack Fulton",Drama,6.5
584,A Madea Family Funeral,2019,109,Tyler Perry,"Tyler Perry, Cassi Davis, Patrice Lovely","Comedy, Drama",4.7
585,The Climb,2019,98,Michael Angelo Covino,"Kyle Marvin, Michael Angelo Covino, Gayle Rankin","Comedy, Drama",6.7
586,Truth and Justice,2019,165,Tanel Toom,"Priit Loog, Ester Kuntu, Priit Võigemast",Drama,8.0
587,We Die Young,2019,92,Lior Geller,"Jean-Claude Van Damme, David Castañeda, Elijah Rodriguez","Action, Crime, Drama",5.2
588,Into the Labyrinth,2019,130,Donato Carrisi,"Dustin Hoffman, Toni Servillo, Valentina Bellè","Crime, Drama, Horror",5.8
589,How to Build a Girl,2019,102,Coky Giedroyc,"Beanie Feldstein, Cleo, Dónal Finn",Comedy,6.0
590,How I Became a Gangster,2019,140,Maciej Kawulski,"Marcin Kowalczyk, Tomasz Wlosok, Natalia Szroeder","Crime, Drama",6.9
591,Spiral,2019,87,Kurtis David Harder,"Jeffrey Bowyer-Chapman, Ari Cohen, June Laporte","Drama, Horror, Mystery",5.5
592,Above the Shadows,2019,111,Claudia Myers,"Olivia Thirlby, Alan Ritchson, Jim Gaffigan","Drama, Fantasy, Romance",6.1
593,Chameleon,2019,80,Marcus Mizelle,"Joel Hogan, Alicia Leigh Willis, Donald Prabatah","Crime, Thriller",4.7
594,Amundsen,2019,125,Espen Sandberg,"Pål Sverre Hagen, Christian Rubeck, Katherine Waterston","Adventure, Biography, Drama",6.2
595,Held for Ransom,2019,138,"Niels Arden Oplev, Anders W. Berthelsen","Esben Smed, Sofie Torp, Anders W. Berthelsen","Biography, Drama, Thriller",7.6
596,Never Grow Old,2019,100,Ivan Kavanagh,"Emile Hirsch, John Cusack, Déborah François","Drama, Western",6.0
597,After Midnight,2019,83,"Jeremy Gardner, Christian Stella","Jeremy Gardner, Brea Grant, Henry Zebrowski","Drama, Horror, Romance",5.4
598,Circus of Books,2019,92,Rachel Mason,"Karen Mason, Barry Mason, Micah Mason","Documentary, Biography, History",7.1
599,Made in China,2019,128,Mikhil Musale,"Rajkummar Rao, Boman Irani, Mouni Roy","Comedy, Drama",6.2
600,Airplane Mode,2019,80,"David Dinetz, Dylan Trussell","Logan Paul, Lauren Swickard, Juanpa Zurita",Comedy,1.9
601,Trick,2019,100,Patrick Lussier,"Omar Epps, Tom Atkins, Jamie Kennedy","Crime, Horror, Mystery",4.9
602,A Tale of Three Sisters,2019,108,Emin Alper,"Cemre Ebuzziya, Ece Yüksel, Helin Kandemir",Drama,7.4
603,The Mystery of Henri Pick,2019,100,Rémi Bezançon,"Fabrice Luchini, Camille Cottin, Alice Isaaz","Comedy, Drama, Mystery",6.7
604,Adopt a Highway,2019,81,Logan Marshall-Green,"Ethan Hawke, Betty Gabriel, Christopher Heyerdahl",Drama,6.3
605,Playmobil: The Movie,2019,99,Lino DiSalvo,"Anya Taylor-Joy, Jim Gaffigan, Gabriel Bateman","Animation, Adventure, Comedy",4.9
606,The Banana Splits Movie,2019,89,Danishka Esterhazy,"Dani Kind, Steve Lund, Celina Martin","Comedy, Horror, Thriller",5.1
607,Ride Like a Girl,2019,98,Rachel Griffiths,"Teresa Palmer, Sam Neill, Brooke Satchwell","Biography, Drama, Sport",7.0
608,Gang Leader,2019,155,Vikram K. Kumar,"Nani, Kartikeya Gummakonda, Lakshmi","Action, Comedy, Thriller",7.6
609,The Dawn,2019,90,Brandon Slagle,"Devanny Pinn, Stacey Dash, Jonathan Bennett","Drama, Horror, Thriller",3.3
610,Brochevarevarura,2019,138,Vivek Athreya,"Sree Vishnu, Rahul Ramakrishna, Priyadarshi Pulikonda",Comedy,8.0
611,Crypto,2019,105,John Stalberg Jr.,"Beau Knapp, Luke Hemsworth, Jill Hennessy","Crime, Drama, Thriller",5.2
612,Beats,2019,101,Brian Welsh,"Cristian Ortega, Lorn Macdonald, Laura Fraser","Comedy, Crime, Drama",7.1
613,In Full Bloom,2019,90,"Reza Ghassemi, Adam VillaSeñor","Tyler Wood, Yusuke Ogasawara, Hiroyuki Watanabe","Action, Crime, Drama",5.5
614,Ek Ladki Ko Dekha Toh Aisa Laga,2019,120,Shelly Chopra Dhar,"Sonam Kapoor, Anil Kapoor, Rajkummar Rao","Crime, Drama",5.6
615,Kingdom,2019,134,Shinsuke Satô,"Kento Yamazaki, Ryô Yoshizawa, Masami Nagasawa","Action, History, War",6.7
616,Young Ahmed,2019,85,"Jean-Pierre Dardenne, Luc Dardenne","Idir Ben Addi, Olivier Bonnaud, Myriem Akheddiou",Drama,6.6
617,Bumperkleef,2019,86,Lodewijk Crijns,"Jeroen Spitzenberger, Anniek Pheifer, Roosmarijn van der Hoek","Action, Horror, Thriller",5.7
618,Love in Kilnerry,2019,105,Daniel Keith,"Daniel Keith, Kathy Searle, Roger Hendricks Simon",Comedy,5.6
619,The Divine Fury,2019,129,Joo-hwan Kim,"Park Seo-joon, Ahn Sung-ki, Woo Do-Hwan","Action, Horror, Thriller",6.3
620,Marjaavaan,2019,152,Milap Zaveri,"Riteish Deshmukh, Sidharth Malhotra, Tara Sutaria","Action, Drama, Romance",3.7
621,The Rising Hawk,2019,125,"John Wynn, Akhtem Seitablaev","Robert Patrick, Tommy Flanagan, Poppy Drayton","Action, Drama, History",5.8
622,Unda,2019,130,Khalid Rahman,"Mammootty, Asif Ali, Shine Tom Chacko","Action, Comedy, Thriller",7.7
623,Yeh Saali Aashiqui,2019,137,Cherag Ruparel,"Vardhaan Puri, Shivaleeka Oberoi, Ruslaan Mumtaz","Drama, Romance, Thriller",7.8
624,Zana,2019,97,Antoneta Kastrati,"Adriana Matoshi, Astrit Kabashi, Fatmire Sahiti","Drama, Horror, Mystery",7.1
625,Come As You Are,2019,106,Richard Wong,"Grant Rosenmeyer, Hayden Szeto, Ravi Patel","Comedy, Drama",7.1
626,Debt Fees,2019,90,Efe Hizir,"Oguzhan Ugur, Melisa Akman, Burak Topaloglu",Comedy,1.5
627,Abigail,2019,110,Aleksandr Boguslavskiy,"Tinatin Dalakishvili, Gleb Bochkov, Artyom Tkachenko","Action, Adventure, Family",4.8
628,End of Sentence,2019,96,Elfar Adalsteins,"John Hawkes, Logan Lerman, Sarah Bolger","Adventure, Drama",6.6
629,Dark Encounter,2019,97,Carl Strathie,"Laura Fraser, Mel Raido, Sid Phoenix","Mystery, Sci-Fi, Thriller",5.3
630,Ride Your Wave,2019,95,Masaaki Yuasa,"Ryôta Katayose, Rina Kawaei, Honoka Matsumoto","Animation, Comedy, Drama",6.8
631,Life Like,2019,95,Josh Janowicz,"Drew Van Acker, Addison Timlin, Justine J. Hall","Drama, Sci-Fi, Thriller",5.4
632,Seventeen,2019,99,Daniel Sánchez Arévalo,"Biel Montoro, Nacho Sánchez, Lola Cordón",Drama,7.2
633,Quick,2019,132,Mikael Håfström,"David Dencik, Alba August, Jonas Karlsson","Crime, Drama, Thriller",6.7
634,Commando 3,2019,133,"Devang Desai, Aditya Datt","Gulshan Devaiah, Pinoor, Robin Chaudhary","Action, Thriller",5.9
635,The Blonde One,2019,108,Marco Berger,"Gaston Re, Alfonso Barón, Malena Irusta","Drama, Romance",7.3
636,Kim Ji-young: Born 1982,2019,118,Kim Do-Young,"Jung Yu-mi, Gong Yoo, Kim Mi-kyung",Drama,7.3
637,Hello World,2019,97,Tomohiko Itô,"Naoyuki Ageishi, Yû Akiba, Ayaka Asai","Animation, Comedy, Drama",6.7
638,Tabernacle 101,2019,98,Colm O'Murchu,"David Hov, Mikaela Franco, Elly Hiraani Clapin","Drama, Fantasy, Horror",3.7
639,The Haunting of Sharon Tate,2019,94,Daniel Farrands,"Hilary Duff, Jonathan Bennett, Lydia Hearst","Drama, Horror, Thriller",2.9
640,10 Minutes Gone,2019,89,Brian A. Miller,"Michael Chiklis, Bruce Willis, Meadow Williams","Action, Crime, Mystery",3.7
641,Skyfire,2019,97,Simon West,"Bee Rogers, Alice Rietveld, Xueqi Wang","Action, Adventure, Drama",5.3
642,Little White Lies 2,2019,134,Guillaume Canet,"François Cluzet, Marion Cotillard, Gilles Lellouche","Comedy, Drama, Family",6.5
643,Into the Ashes,2019,98,Aaron Harvey,"Luke Grimes, Frank Grillo, Marguerite Moreau","Crime, Drama, Thriller",5.0
644,Feast of the Seven Fishes,2019,99,Robert Tinnell,"Tony Bingham, Skyler Gisondo, Paul Ben-Victor",Comedy,6.9
645,The Soul Collector,2019,100,Harold Holscher,"Tshamano Sebe, Inge Beckmann, Keita Luna",Horror,5.2
646,Cordelia,2019,91,Adrian Shergold,"Antonia Campbell-Hughes, Ryan Kelly, David Leon","Drama, Horror, Thriller",4.6
647,Comali,2019,143,Pradeep Ranganathan,"Ravi Mohan, Kajal Aggarwal, Yogi Babu",Comedy,7.0
648,The Hard Way,2019,92,Keoni Waxman,"Michael Jai White, Luke Goss, Randy Couture",Action,4.8
649,Driving Licence,2019,135,Jean Paul Lal,"Prithviraj Sukumaran, Suraj Venjaramoodu, Saiju Kurup","Action, Comedy, Drama",7.2
650,My Thoughts Are Silent,2019,104,Antonio Lukich,"Andriy Lidahovskyi, Irma Vitovska, Iryna Ostrovska","Comedy, Drama",7.8
651,100 Days to Live,2019,90,Ravin Gandhi,"Colin Egglesfield, Gideon Emery, Heidi Johanningmeier","Crime, Thriller",5.2
652,Ravening,2019,107,Bhaskar Hazarika,"Lima Das, Arghadeep Baruah, Neetali Das","Drama, Fantasy, Horror",7.7
653,Curiosa,2019,107,Lou Jeunet,"Noémie Merlant, Niels Schneider, Benjamin Lavernhe","Biography, Drama, History",5.4
654,Vinaya Vidheya Rama,2019,146,Boyapati Srinu,"Ram Charan, Vivek Oberoi, Kiara Advani","Action, Drama",3.3
655,Moffie,2019,104,Oliver Hermanus,"Kai Luke Brummer, Barbara-Marié Immelman, Michael Kirch","Drama, Romance, War",6.8
656,Little Baby,2019,105,Shekhar S. Jha,"Priyanshu Chatterjee, Gulnaz Siganporia, Shivani Mahajan",Family,3.8
657,The Day Shall Come,2019,87,Christopher Morris,"Andrel McPherson, Miles Robbins, Marchánt Davis","Comedy, Crime",5.9
658,NiNoKuni,2019,106,"Yoshiyuki Momose, Hiroyuki Morita, Naohito Takahashi","Kento Yamazaki, Mackenyu, Tucker Chandler","Animation, Action, Adventure",6.1
659,The Influence,2019,99,Denis Rovira van Boekholt,"Manuela Vellés, Maggie Civantos, Alain Hernández",Horror,4.6
660,Clinton Road,2019,77,"Richard Grieco, Steve Stanulis","Ace Young, Erin O'Brien, Cody Calafiore","Horror, Mystery",3.0
661,When the Moon Was Full,2019,131,Narges Abyar,"Elnaz Shakerdoost, Hootan Shakiba, Fereshteh Sadre Orafaiy","Biography, Crime, Drama",6.8
662,Room for Rent,2019,81,Tommy Stovall,"Lin Shaye, Oliver Rayon, Valeska Mosich Miller","Crime, Horror, Mystery",5.3
663,Storm Boy,2019,99,Shawn Seet,"Finn Little, Jai Courtney, Geoffrey Rush","Drama, Family",6.9
664,Corporate Animals,2019,86,Patrick Brice,"Demi Moore, Jessica Williams, Ed Helms","Comedy, Horror",4.5
665,The Silence of the Marsh,2019,92,Marc Vigil,"Pedro Alonso, Nacho Fresneda, Carmina Barrios","Action, Drama, Mystery",5.0
666,End of the Century,2019,84,Lucio Castro,"Juan Barberini, Ramon Pujol, Mía Maestro",Drama,6.8
667,Red Devil,2019,93,Savvas D. Michael,"Steven Berkoff, Cavin Cornwall, Jack Turner","Comedy, Crime, Drama",3.6
668,Semper Fi,2019,99,Henry Alex Rubin,"Jai Courtney, Nat Wolff, Finn Wittrock","Action, Drama, Thriller",6.2
669,Sword of Trust,2019,88,Lynn Shelton,"Marc Maron, Jon Bass, Michaela Watkins","Comedy, Drama",6.3
670,Uyare,2019,125,Manu Ashokan,"Parvathy Thiruvothu, Asif Ali, Tovino Thomas",Drama,8.0
671,The Body,2019,101,Jeethu Joseph,"Emraan Hashmi, Rishi Kapoor, Sobhita Dhulipala","Mystery, Thriller",5.4
672,Bull,2019,108,Annie Silverstein,"Rob Morgan, Amber Havard, Yolonda Ross",Drama,6.3
673,Arab Blues,2019,88,Manele Labidi,"Golshifteh Farahani, Majd Mastoura, Aïsha Ben Miled","Comedy, Drama",6.3
674,Mercy Black,2019,88,Owen Egerton,"Daniella Pineda, Austin Amelio, Elle LaMont","Horror, Mystery, Thriller",4.9
675,Everybody's Everything,2019,116,"Sebastian Jones, Ramez Silyan","Rob Cavallo, Ghostemane, Horse Head","Documentary, Music",7.5
676,Trouble,2019,87,Kevin Johnson,"Big Sean, Pamela Adlon, Lucy Hale","Animation, Adventure, Comedy",5.8
677,Blood Machines,2019,50,"Raphaël Hernandez, Seth Ickerman, Savitri Joly-Gonfard","Elisa Lasowski, Anders Heinrichsen, Christian Erickson","Adventure, Music, Sci-Fi",6.1
678,Two of Us,2019,99,Filippo Meneghetti,"Barbara Sukowa, Martine Chevallier, Léa Drucker","Drama, Romance",7.2
679,Detention,2019,102,John Hsu,"Gingle Wang, Meng-Po Fu, Jing-Hua Tseng","Drama, Horror, Mystery",6.6
680,Them That Follow,2019,98,"Britt Poulton, Dan Madison Savage","Olivia Colman, Kaitlyn Dever, Alice Englert","Drama, Horror, Mystery",5.4
681,Abduction,2019,98,Ernie Barbarash,"Scott Adkins, Andy On, Truong Ngoc Anh","Action, Horror, Sci-Fi",4.6
682,K-12,2019,96,"Melanie Martinez, Alissa Torvinen","Melanie Martinez, Emma Harvey, Megan Gage","Fantasy, Horror, Musical",6.5
683,Awake,2019,92,"Aleksandr Chernyaev, Fedor Lyass","Jonathan Rhys Meyers, Francesca Eastwood, William Forsythe","Action, Adventure, Crime",5.0
684,"Berlin, I Love You",2019,120,"Dianna Agron, Peter Chelsom, Claus Clausen","Keira Knightley, Helen Mirren, Luke Wilson","Drama, Romance",4.7
685,The Bygone,2019,115,"Graham Phillips, Parker Phillips","Shawn Hatosy, Jamie McShane, Ritchie Coster","Crime, Drama, Mystery",5.6
686,Silhouette,2019,114,Mitch McLeod,"April Hartman, Tom Zembrod, Jessica Dawn Willis","Drama, Horror, Thriller",4.0
687,El Hijo,2019,92,Sebastián Schindel,"Joaquín Furriel, Martina Gusmán, Luciano Cáceres","Drama, Mystery, Thriller",5.5
688,American Skin,2019,90,Nate Parker,"Nate Parker, Omari Hardwick, Beau Knapp","Drama, Thriller",7.0
689,Children of the Sea,2019,111,Ayumu Watanabe,"Mana Ashida, Hiiro Ishibashi, Seishû Uragami","Animation, Adventure, Fantasy",6.5
690,Infidel,2019,108,Cyrus Nowrasteh,"Jim Caviezel, Claudia Karvan, Hal Ozsan","Action, Thriller",5.6
691,Madhuraraja,2019,147,Vysakh,"Mammootty, Jai, Jagapathi Babu","Action, Comedy, Drama",5.9
692,Lupin III: The First,2019,93,Takashi Yamazaki,"Kan'ichi Kurita, Kiyoshi Kobayashi, Daisuke Namikawa","Animation, Action, Adventure",6.9
693,Only,2019,98,Takashi Doscher,"Freida Pinto, Leslie Odom Jr., Chandler Riggs","Drama, Romance, Sci-Fi",5.1
694,American Hangman,2019,99,Wilson Coneybeare,"Donald Sutherland, Vincent Kartheiser, Oliver Dennis","Crime, Mystery, Thriller",5.9
695,The Chaos Class Again,2019,106,Doga Can Anafarta,"Altan Erkekli, Toygan Avanoglu, Hande Katipoglu",Comedy,2.2
696,Demon Slayer: Kimetsu no Yaiba - Sibling's Bond,2019,105,Haruo Sotozaki,"Zach Aguilar, Saeko Akiho, Kôhei Amasaki","Animation, Action, Fantasy",8.5
697,Pavarotti,2019,114,Ron Howard,"Luciano Pavarotti, Andrea Griminelli, Nicoletta Mantovani","Documentary, Biography, Music",7.5
698,Retrocausality,2019,73,"Kristian Denver Diaz, Michael Manus","Elisabeth Rioux, Kristian Denver Diaz, Logan Gervais","Drama, Romance",3.6
699,Variações: Guardian Angel,2019,109,João Maia,"Sérgio Praia, Filipe Duarte, Victoria Guerra","Biography, Drama, Music",7.1
700,In Search of Darkness: A Journey Into Iconic '80s Horror,2019,264,David A. Weiner,"Tom Atkins, Doug Bradley, John Bloom","Documentary, History, Horror",8.0
701,Jade Dynasty,2019,101,Siu-Tung Ching,"Zhan Xiao, Qin Li, Meiqi Meng","Action, Fantasy, Romance",5.8
702,To Your Last Death,2019,91,Jason Axinn,"Morena Baccarin, William Shatner, Ray Wise","Animation, Action, Fantasy",5.8
703,Effigy: Poison and the City,2019,85,Udo Flohr,"Suzan Anbeh, Elisa Thiemann, Christoph Gottschalch","Crime, History",7.3
704,Code Geass: Lelouch of the Re;Surrection,2019,112,Gorô Taniguchi,"Jun Fukuyama, Yukana, Takahiro Sakurai","Animation, Action, Adventure",7.3
705,Clown Motel: Spirits Arise,2019,95,Joseph Kelly,"Joseph Kelly, Elinor Price, Mason Rose Gray",Horror,2.9
706,Helen,2019,117,Mathukutty Xavier,"Anna Ben, Lal, Noble Babu Thomas","Drama, Thriller",7.7
707,The Dare,2019,97,Giles Alderson,"Bart Edwards, Richard Brake, Richard Short","Horror, Mystery, Thriller",5.1
708,The Weasel's Tale,2019,129,Juan José Campanella,"Graciela Borges, Oscar Martínez, Luis Brandoni","Comedy, Drama",7.2
709,Run with the Hunted,2019,93,John Swab,"Michael Pitt, Sam Quartin, Mitchell Paulsen","Crime, Drama, Thriller",5.2
710,Papicha,2019,108,Mounia Meddour,"Lyna Khoudri, Shirine Boutella, Hilda Amira Douaouda",Drama,7.1
711,Thanneermathan Dinangal,2019,136,Girish A.D.,"Vineeth Sreenivasan, Mathew Thomas, Anaswara Rajan","Comedy, Romance",7.8
712,Fire Will Come,2019,86,Oliver Laxe,"Amador Arias, Benedicta Sánchez, Inazio Abrao","Crime, Drama",6.7
713,I Spit on Your Grave: Deja Vu,2019,148,Meir Zarchi,"Camille Keaton, Jamie Bernadette, Maria Olsen","Horror, Thriller",2.4
714,Thackeray,2019,120,"Abhijit Panse, Amol Bhor","Nawazuddin Siddiqui, Amrita Rao, Prakash Belawadi","Biography, Drama",5.4
715,Ek,2019,129,Sampath Rudra,"Bishnu Adhikari, Himanshi Khurana, Aparna Sharma","Action, Drama",6.1
716,Valhalla: The Legend of Thor,2019,105,Fenar Ahmad,"Salóme Gunnarsdóttir, Roland Møller, Jacob Lohmann","Adventure, Fantasy, Thriller",5.2
717,Clickbait,2019,80,"Sophia Cacciola, Michael J. Epstein","Colby Stewart, Brandi Aguilar, Seth Chatfield","Comedy, Horror, Thriller",3.2
718,Eternal Code,2019,105,Harley Wallen,"Richard Tyson, Scout Taylor-Compton, Billy Wirth","Action, Crime, Thriller",3.4
719,Low Tide,2019,86,Kevin McMullin,"Jaeden Martell, Keean Johnson, Shea Whigham","Drama, Thriller",6.3
720,Memory: The Origins of Alien,2019,95,Alexandre O. Philippe,"Clarke Wolfe, Nicholas Cull, William Linn","Documentary, Biography, History",6.8
721,In Family I Trust,2019,97,Patricia Font,"Clara Lago, Álex García, Alexandra Jiménez","Comedy, Romance",6.2
722,90 Ml,2019,120,Anita Udeep,"Oviya, Bommu Laksmi, Masoom Shankar",Comedy,3.4
723,Tread,2019,89,Paul Solet,"Marvin Heemeyer, Patrick Brower, Glenn Trainor Jr.","Documentary, Crime",7.1
724,Zeroville,2019,96,James Franco,"James Franco, Megan Fox, Seth Rogen","Comedy, Drama, Mystery",4.6
725,The Wedding Year,2019,90,Robert Luketic,"Sarah Hyland, Tyler James Williams, Jenna Dewan","Comedy, Romance",5.6
726,One Love Two Lives,2019,106,Ali Bilgin,"Engin Akyürek, Bergüzar Korel, Merve Dizdar","Drama, Romance",6.1
727,Chicuarotes,2019,95,Gael García Bernal,"Benny Emmanuel, Leidi Gutiérrez, Gabriel Carbajal","Crime, Drama",6.7
728,Lucky Day,2019,99,Roger Avary,"Luke Bracey, Nina Dobrev, Crispin Glover","Action, Comedy, Crime",5.1
729,Jacob's Ladder,2019,89,David M. Rosenthal,"Michael Ealy, Jesse Williams, Nicole Beharie","Horror, Thriller",3.6
730,4L,2019,105,Gerardo Olivares,"Jean Reno, Hovik Keuchkerian, Susana Abaitua","Comedy, Drama",5.9
731,Alien Warfare,2019,88,Jeremiah Jones,"Clayton Snyder, David B. Meadows, Daniel Washington","Action, Mystery, Sci-Fi",2.6
732,Blood Vessel,2019,93,Justin Dix,"Nathan Phillips, Alyssa Sutherland, Robert Taylor","Fantasy, Horror",5.4
733,438 Days,2019,124,Jesper Ganslandt,"Gustaf Skarsgård, Matias Varela, Josefin Neldén","Drama, Thriller",6.7
734,Text,2019,132,Klim Shipenko,"Alexander Petrov, Kristina Asmus, Sofya Ozerova","Drama, Thriller",6.6
735,Darling Nikki,2019,62,Gregory Hatanaka,"Nicole D'Angelo, James Duval, Jamie Bernadette",Drama,2.7
736,When Hitler Stole Pink Rabbit,2019,119,Caroline Link,"Riva Krymalowski, Marinus Hohmann, Carla Juri","Biography, Drama, Family",7.0
737,Skin Walker,2019,87,Christian Neuman,"Amber Anderson, Udo Kier, Jefferson Hall","Drama, Horror, Mystery",4.1
738,Fate/stay night [Heaven's Feel] II. lost butterfly,2019,117,Tomonori Sudô,"Yu Asakawa, Michael Donovan, Melissa Fahn","Animation, Action, Adventure",8.0
739,Hero,2019,121,Karen Oganesyan,"Alexander Petrov, Vladimir Mashkov, Svetlana Khodchenkova","Action, Crime, Drama",4.7
740,The Great Indian Road Movie,2019,120,Sohan Lal India,"Vijay Anand, Anila, Master Ashray","Adventure, Drama, Family",8.5
741,Snatchers,2019,96,"Stephen Cedars, Benji Kleiman","Mary Nepi, Gabrielle Elyse, J.J. Nolan","Comedy, Horror, Sci-Fi",5.8
742,Driven,2019,90,Glenn Payne,"Richard Speight Jr., Andy Field, Jessica Harthcock","Comedy, Horror, Thriller",4.9
743,Aquaslash,2019,71,Renaud Gauthier,"Nicolas Fontaine, Brittany Drisdelle, Nick Walker","Comedy, Drama, Horror",3.6
744,At the Heart of Gold: Inside the USA Gymnastics Scandal,2019,88,Erin Lee Carr,"Simone Biles, Scott Blackmun, Richard Blumenthal","Documentary, Crime, Sport",8.0
745,The First Temptation of Christ,2019,46,Rodrigo Van Der Put,"Gregório Duvivier, Fábio Porchat, Antonio Tabet",Comedy,5.0
746,The Wolf Hour,2019,99,Alistair Banks Griffin,"Naomi Watts, Jennifer Ehle, Emory Cohen","Drama, Mystery, Thriller",4.9
747,15 Minutes of War,2019,98,Fred Grivois,"Alban Lenoir, Olga Kurylenko, Sébastien Lalanne","Action, Drama, History",6.4
748,National Theatre Live: Fleabag,2019,80,"Tony Grech-Smith, Vicky Jones",Phoebe Waller-Bridge,Comedy,8.3
749,The Pickup Game,2019,96,"Barnaby O'Connor, Matthew O'Connor","Maximilian Berger, Marcus Nero, Robert Beck",Documentary,6.7
750,The Queen of Black Magic,2019,99,Kimo Stamboel,"Ario Bayu, Hannah Al Rashid, Adhisty Zara","Drama, Horror, Mystery",6.5
